-- phpMyAdmin SQL Dump
-- version 4.6.6deb4+deb9u2
-- https://www.phpmyadmin.net/
--
-- Client :  sqletud.u-pem.fr
-- Généré le :  Mer 25 Janvier 2023 à 21:30
-- Version du serveur :  5.7.30-log
-- Version de PHP :  7.0.33-0+deb9u12

SET SQL_MODE = "NO_AUTO_VALUE_ON_ZERO";
SET time_zone = "+00:00";


/*!40101 SET @OLD_CHARACTER_SET_CLIENT=@@CHARACTER_SET_CLIENT */;
/*!40101 SET @OLD_CHARACTER_SET_RESULTS=@@CHARACTER_SET_RESULTS */;
/*!40101 SET @OLD_COLLATION_CONNECTION=@@COLLATION_CONNECTION */;
/*!40101 SET NAMES utf8mb4 */;

--
-- Base de données :  `nidal.idrissi_db`
--

-- --------------------------------------------------------

--
-- Structure de la table `B_appartient`
--

CREATE TABLE `B_appartient` (
  `id_joueur` int(11) NOT NULL,
  `id_liste` int(11) NOT NULL,
  `acceptation` tinyint(11) NOT NULL
) ENGINE=InnoDB DEFAULT CHARSET=utf8;

--
-- Contenu de la table `B_appartient`
--

INSERT INTO `B_appartient` (`id_joueur`, `id_liste`, `acceptation`) VALUES
(14, 2, 2),
(14, 3, 2),
(14, 4, 1),
(17, 1, 1),
(17, 3, 2),
(29, 1, 2),
(29, 2, 2),
(30, 1, 2);

-- --------------------------------------------------------

--
-- Structure de la table `B_CHAT`
--

CREATE TABLE `B_CHAT` (
  `chat_id` int(11) NOT NULL
) ENGINE=InnoDB DEFAULT CHARSET=utf8;

-- --------------------------------------------------------

--
-- Structure de la table `B_CHAT_LIGNE`
--

CREATE TABLE `B_CHAT_LIGNE` (
  `chat_ligne_id` bigint(20) NOT NULL,
  `created_at` date DEFAULT NULL,
  `line_text` text,
  `id_joueur` int(11) NOT NULL,
  `chat_id` int(11) NOT NULL
) ENGINE=InnoDB DEFAULT CHARSET=utf8;

-- --------------------------------------------------------

--
-- Structure de la table `B_discute`
--

CREATE TABLE `B_discute` (
  `id_joueur` int(11) NOT NULL,
  `chat_id` int(11) NOT NULL
) ENGINE=InnoDB DEFAULT CHARSET=utf8;

-- --------------------------------------------------------

--
-- Structure de la table `B_JOUEUR`
--

CREATE TABLE `B_JOUEUR` (
  `id_joueur` int(11) NOT NULL,
  `pseudo` varchar(16) DEFAULT NULL,
  `mail` varchar(50) DEFAULT NULL,
  `mdp` varchar(255) DEFAULT NULL,
  `xp_actuel` int(11) DEFAULT NULL,
  `photo_de_profil` blob,
  `compte_prive` tinyint(11) DEFAULT NULL,
  `date_creation` date DEFAULT NULL
) ENGINE=InnoDB DEFAULT CHARSET=utf8;

--
-- Contenu de la table `B_JOUEUR`
--

INSERT INTO `B_JOUEUR` (`id_joueur`, `pseudo`, `mail`, `mdp`, `xp_actuel`, `photo_de_profil`, `compte_prive`, `date_creation`) VALUES
(14, 'Meledit', 'nidalidrissi7@gmail.com', '016629998e0f9695eb4fd06826d71fa70aac2c903301202fe8d031925601d68bf610475a74e57c0df071130aacb9fc376ef9c3f258849c561c04567a267cfe5b', 745, 0xffd8ffe000104a46494600010101004800480000ffdb00430006040506050406060506070706080a100a0a09090a140e0f0c1017141818171416161a1d251f1a1b231c1616202c20232627292a29191f2d302d283025282928ffdb0043010707070a080a130a0a13281a161a2828282828282828282828282828282828282828282828282828282828282828282828282828282828282828282828282828ffc200110802e002e003012200021101031101ffc4001b00010101000301010000000000000000000001020304060507ffc4001801010101010100000000000000000000000001020304ffda000c03010002100310000001fcf49c7bd8a49621156e351a6696e4ac6bad73c59773a73bc9c1d7cebb3c3c5d9b38fb1cb73a9496a52c5082a64e4cf16c390636a350b41a66c6905d646ae696e6aea4a5b91a416e69529506ae46ee29bd7168de2d3a7c9cdd44ec5e0e55dde3d46ee072de3abcb78e9bb9a6ae46ae69e72e6dcdb9085421529a669520e8f63afbe7cacf6578b5c99cdd728ab10b0502c1ace315bd60733821d875a276dd4a76ef4f4bda75b71cece96a52dca35734d334b7356d94252a0a0b734a94a94b734bac0e4ca9d2e4e7e9d9da70f24bbb8b1b669bbc74e4bc7a5e4bc74e4bc74f8035920a820420d58503abc7ae5df3e4d26378e7e0ec596592aa16c1538cdf1ef767072e8359b2d4152999b1c59ec4ae19c9c692dd9a6b52e1c856a234cd3483482dcd3505582d84b734a82d9175734d5c53938774e8f3ce1b9ed5c59ad5cd8d5c5357237ae3a72303e34b3512c165484110ddc68b03add82c6585e4e6e3e440508662ccf342db9b0b292ca2e68a021acf1eccef434cc378c6c9cd9ab52950692c54a5b9a5416c16e68b9a521a415296e46b58abbe9f6a27579fadbb39b594d690699b1b646d9a7c859a882580cdc8156ca121ac71f15cf2e35cb5cba33a582f1ec4d054454140b058a2ce234bba588b33c66f5694150690ba9296e696e4692c5b91a41a416c152802c16e696e69758d1c5d7eef52ce5d75f9e5b7357482d82dca3e5bafcdbce924585337254a5d60382736b18eced35612d4150500002c458150502c16f1e2b978b1cc99e625582a5160d334a94a95573839719e44ceb45d40a88d323578e9b6346a054a54173a1358c9d7e69c767612cd6ae296e69a669e7f5fa8f89ebcbe66babd8ce84964b022af16b373cbcfc5c71d8cf0731bda4b40b058aa4165002b11b9792b8aceba7638f8755acce74bb4cea8160a0a8282a0b8cf219e494a98396716893633a4357236b57339071b9062ee16f10e5b9b1a67475f87bdd4b37c9d6ec2db9b2db9a6a4a7eb1c7cae9cbc3f87fdb7cbafe772e66ac42c6531cbc4d62dcf60d734b8dc000b054a014d2cd7d3f659d797fbff005b535c7793e2cbf53a7f0fefa791f2ff00a5f81df3cec0719cb8c72d2cb005416c830e5a5cc8de33b33ba2dcd2a55a82c44e39cb91c9c03b4eb72af2252a0cf241511a41d6d73f56ce5bc7b97483485fd7075e4ce91f9af98fd57f299a20bc5c9c7726f8ece5ecf1f2e7544a326e67400b0534afb7d4f7f9d6b9633a6a0eafc8ed7565c7c1fb3e3b59ecf14c6b1c9c79dd99ddab2c45001528e2d5ad5cf1c6daa541506a6689aa71ce5a713947139a1c4e61c2e58679b8b27619ab6e45d646ae46b2a75396f0a735ca5db34fd79675e6071fe51fad78f97f3e592c9b18c6a6b3dbd4b8d138cb33d8b02525094bcdc7e9a6bef7d1ceb1b02c712fc5cbe21d3e861be59de96522d000b02c4521c7bc6ac7244b486905416c14150541a416e696e45b91a41a88690699ab6e46babd9ca707275f94e466afec29f377cfe8f43e3f6e5bf3bef6d7f1cd7eb5f04f05c7cbc1739e66ce58e2ceae352ce6ab2cb01615346ff45f0ffa267a6c6681782791adf98e4ceb045ca80002c2aca18d8e2e584dca2c916c0b05c67753645416c1505b91a41485b28216e695054a5416e69c3c7d9e9d9d86352fe85cfddef6f32d5894497e64757f32fd6fcb4be208504df1764b125a9401ac0f49ed3cafabc741c735bf8ff27cddcf6ba999ac58584a2c152841528c6b8cde90d216a5094a90bc73952a5940b028160a828160a945cd2a0a8290d20a835c1cb0ebf2f07259fb4a5de4b0026770f3fd2f5b997f14cfeb9e363cab5933cfc1ce38c5e58433335759d27b3f4fe4beb73ebdcf13d4ebd9706b04150521671f214000e326f1ca2c14002c8339e52a5500058288590b7234cd3525160a82a0a94a82a0a05cd3833cbc173fa47a5f0fededdcad662c150ae0ea4bf471f37079cf17fa1fe7719e6e1d9359d1bc5e35b611643b938752d8128016038ec35b800a8338c7259ade7528a40580e29cc54a085bc5939f3c5b0dd385cb4e0d728e1bca38dc838eee98ba164ab6054150544521a668ea76fab67b5f6de1feaafa87c1eeeb3f462d93e776bcce6e73c1cf35d2ec7a7eed9e73bff56d9d2e2fa23cefc8f730fcb3e47ed1d68fc75fa0f8f3e5f2ce41096900290b8669c99dc0005e1df159aad1b4b2ca08a3875a2d90de38966b3bd987225e3720cef19395c7c800b0541505416e45000b9a541602c17add8eb57b4eff0043e84b26a1f73e8f97fb173f33e372fd89ac7a0e3ebeb3de4b600216000eaf6a47e43d4f79e0e68200012f1897566ac4ab02cc18d67565d63916a58012f11792718cf36eb8b5ca8c35162c40009c7ca31c9c7939905815054148541a928415282135c3cc5eb763ad67b7eff47bb34512e7e79dff0055c1d0b9f97e17ea7cb3f62e6e3e4b25969284b0b2c00ebfe45fb1fe6f9be7aa4b485324cad8e4c6d52a0070f2f0d9b03938f9142294cf6bb3eee6bc8f6fd6dcebccefe8fd15f3f8f490f2dd5f663f3ce9fe9bd64fcda7b7f8d67c077fa5739559251c3cd8e3ae744540c29b41485215052171ae32ef8f75bebf370a7b5eff00c5fb535484ebf3770fbbe5fec798b3c77a8f21faadcfded2d404a0960291613c3fb8f1b2f88266aca4c6f8ec28dd896c5128e2675658c9c9b896835f43a1eea6bea7625c7470f37944e2ec794eaef1fae5f3ff007b3bd4b20071f217e77cff004383c7f4fd6f493c9f5bd9f159e338bb9d4e9cb992cac256b51150540b0540b293874b2ef1b5bc5c9c69eb3e9f074b9f5fb0e96f78e3f63e47dad9f03c97a4f1b1f3ff0065fcf3f48d6762a00b00228209e17dcfe712f9e8668131a964d6790096c018ac6a6924d64e512db3677bf44f39e9b1d0b26af172c3f3ef3ffacfe75be7d1fd0ff34eedcfeab7a1dfe7d442c45a82f172e4f99e5bd3784b9cf0f2f174e7ab9ca5e495488582902c2c05980de2cbace8bc7be23ddcae3e8e3cf2939fd6792f57d78f98f13ed7c51edfd6757b7a90b62000000961c5f91fe85f99e684ab0673acd8e4c6c09407172f0d9a017272896f271fd65f71da979f500b09f3be964fc9bafeff00c1f5e3f4ff0045fc93d1e6fbf6358eb602583abcde153add3b8e9cdc5c9d7b9d734a112d41a8854161551126792cb8d60d585bc3cbc29ef5671f401c5ed7c2fb5e9cbcefc6fb1cd67a7dc6f15290058004a31bf9f1e4bc87e87e1a6bab2c8594c4d66cbbc6968810bc3cdc3669431c983944bbf57e53df675f5e99e89408019f19ed78acfc8afd7f8dd787b8f51f937e8dcfafd54676c4f2693e06fb1bc74b93d6ea5f87e7fea7cdd6770400020b16a01c7768b04054a3adcfd7b3f4159c3d2b071fdbf91cfbe7d6f59e5bdaef1a26b3410000a45867cb7def872fdaf0fef7cd1e0a566c031bcd8d6360b2c038b978ecba76567a6faff4f1d3f2b9f43a1ac6bf4afcd7f4fceb9899dac150580961f3bf39fd5be05cfe7bf5fe6e3af2fd6787c87dae5dbe471faded9f0bedeecbc3e73edf8c4f9b9b3a7244aa00042a12c0a948020a431c5ad6b3efa59e7f500e1e6f9b73e83d4fcffa3db892d8941292845133aea4792fbdd2e29af45d6ece353f22cfd8f8f9b9a9173a959de3681280c726ab97de727d2e7d0b26bcc792fd3ff3fd63a1fa57e6fef4faa8cec02c040419d43c7793fd63f3ddf3e87e97f987ac3d6b371d110f99e17d3f94d624b8de1ace9085b040042905096020b18ae3eff5fbb2fae8bc7b9293839f5acfb3dcbdb8085205858a1299f33e8bcd4be93ccfaaf367db717359e3fc6fe95f9a66964a063496684a9a85eef4b94fd4b7c3cdcfb404f9df4a1f9afa5fa1e7ee7da5966842ca220012c27cff00a193f38f45f47e95cee134c6b897c5fc7e7ebf4e330973b000010016325b0004a38b6b3bf6b9f5f592b1d22859d6d67df6b1bedc228205010a64f83c5d4e5c6bd5753b5359f39f6fe0fde5e0fc97f5efcb8e80cd019d4aa2043573b3f44fa7e5fd473eb62294671cb02c10214442c04400841059f33e979367cef1eb1d78e75c7cd4242a001284124d5510c6b35ab218d71eae7ea8e3dbd5cacf401d7e727a0fafe23daf6e3c99ad66542812899df523c7773a3dfcefd4f2f4bbdacf9dfadd0ed1c9f9f7e87e1cf2b2e33740033ae3e5a821acd3edfbcfcbbf49c74ed226851004002080442c08164b046533f9efabf15ac631ac74e7ada42c001000c5c59ad4ab606359da4cea2e25973f5eb5c7bfa819d800707a0f8bc1ac7bf747bdd788508503e77d1f992f95ef7c1fbd9d7d9fadf07eeeb3c1f0fd179b3edf94f57e78f0d3d1f1e37e666b372d6790fbbd6fbfe833d3f2ccfb3f3173d29cb9b97a8f2fcb2fea17e4fd5c75b6020025900110a81116f1f5be647d8cfc81f5b3f2fe559d2f9ae2ebc5c99da2008599d021638ea6e6d105b9b84d545b0312cb9fb56de1dfd289b02504a387d9f91e1df3f7ce8f77a72a28947cff00a1c71f9f73e78f976f41e8fc9face9cde63d3f99b3edfc7fb1f28e9f0f6e72edf9ee759df27263bebee3e8e37cface1e71e73cff00e859b3f2f7e91f3ee7c87abc6a5fb9c9d7e79a842904b0440092c3e777be5768f9f9a94cfc6b3b9e6b3c7d38db75a8840116131bc59c99ce46ad0b95965489a01483166ee7ed2b87a3d209a2c0025128eb7a0f8fc7ac7b9d783fb3d39fa47cee4b3bb3e4f44ef793eff479f4d7bef03eb359fa9e73d1fc6d67b1d2de4eb35c7c7b7e799dba72beb7e0fe839df22b3b4a228804a1000842e6c2582104b17c7f57d778cb8e6c7cdceb3beb726758ce94852288b08c4ab8de52e85192e5a467592d954819b9b1d8ebfd48ed8e3dfd24b2685214804a1286743aee7a9c3c9a1028eadcfe81d4e1eef6e3f039fa3dc31d6edf4f8f6f0ddef41f7f59e0ee19d8004a080402096048588580882583e37d8f8b2f53afdf59f0fe0fd0eaf5e2c7271a63b18ef9d5e4f4ff005f1d3c5757def5d7c267daf459f2d9fadddd4f3d8fb5f16e73a6b5049659a4845b12c472272fd69be3df16c97d22268a2582c0000940002541d2eee1397d97e5ff00a275e5e7fbfd2ec59daecf17372ed16094902d812c096162094496020cea088581203e2fd9f8f1c5c1cfd2af32d3af1c71f2f5ae7e97bcf23ec79f5b133b24279efa3d231d47c1d619ae9ca916e16ca4942c6551f6b1dae5d6133b8b0f47526ac002c000b010a02520160ea72f37cad63eff0027cfef74c7d8d66f2ea08944a810a216020220409608108588104f95f57a2743a7dd8792eef07b5df3f83e53ef7c1d63d57a6f01dfc74f5f3cae25f57d1f33d3b3eefcce84d6643598b0b82cb522c04b9a7d6ea7d5c6d65e7d1284a3d1226ac0005200094008b02820b9a3e37a1ea74f58f6771b9a04b024b140108044008812e4011010b104424d64f97f477d24f0fd3e6fa3d797a4f37ed38b9f4f033b9f33a72e5ce15a9989b999563493492d894b025ca7d5edf0f371eeb2caaa047a00d1605819c272850000002512c0063709e97cbf6acf40800f99dce4f8c7db9d5ed040885810825825820220972598d888220e9f6f27c4fa3cbe76e7ea796eaf1ef0c26b10591699ba291004a9442359ec1f5ad70f44b3429007a04e16b9e743a89f4ba7c9dfae9f7748814094042cb0b2c004a009c1ce4eefd7f25f76be8908b0f91cfdef9e7d19d1ee962040485808081220e1e4f2a9daf41e4fd556a44b25c8e875bca6b3d8e94e3df2d66daccdc4ca8051102880443b1d71f4be6fdecef91a71ed96a116897473f5b5f52ce97d3d250500010a9445200b00254001075fb113ef763c9fa9ad190b0f993e97ce3e8ba3dd12c041011010464ebf86f41e6b58ecfb8fcf7d39f76339ddf8cf29ac5e071f4e765d2232ba92a02a5882554020e6e1fb11d6e8ee2f67ec7173f2eb16e7596a98d686687d8d4aa00114450001004a1000216000818eef57ab67ad743ba581621f33b3d9f907d79c7c82216417360819970791f91f4be66f94e5e059ed383c9f0cbcdc386f0d6659a9344b5282a5882500420b5cfdbe4f9fcf7c5f5ef6b3ab7171d37714d5835000fb315482c5100010b2820000942008000103e2fa2f9fe577cff51bf9f7a59afb938b52ef21d3eec85485885885ca0ca1e43e47abf27be5949acd854ce86682496684b096564952145803ea71fd2e5d78b92b1d2ca1a9a95a520202a53ec850042a058000102c010b0001010b0082fc2fb9c76789bcdc1dfcff0043eef91b9bfa177ff2fe5ceff4fbf9df7a6bdb4f29d997d0df83a8fb73e260fbb3cdf4ecf5df3bc8f5acfa5f23931be76f12ce4634a2171172dcaacc225592ebb12f52fd2ec675f1f9bec6b3af9bdbe7676964b4a2ca35352aa1a9609401f610b505415000415054164a0854854164150121a99a5487ccf35edbc9f4e3d74bd30d44b6e69752cab054a10359c26d9a2150830e4b9e36f06b3603e9cbd4eef675cfae7719d6a4a2c1400142cb2eacd1144512a934a7d442d486a3269c3c29dc74335f45f3b27d27cd1f45f3a1f49f347d29f3e1f45f3b477dd3c9de9d1c9f427429dd7072c6a416417e6fd19678bd763addf868d4b35cbcd9bd7bd94bd6df355e3dd471f0f6e574ddac59d5cf716749dda9d07d2e697e5f2f260e3e0edf5b59c9359fa5dee2e6e1e89525ab0a52282828520556a529495459a59350cdfa2b9f9cfa25f9faef0eaf2f222594216a0b10b730d482c435244d3218d0eaf5fe94b3a7dce3ea1df9c5c92d669f3bcf7b1f2dd793b1d6ed14b9aaab1692a92ac66d1341534a299ea7789f3a77f3a9f2b1f5e6b3d6fa7d1ece35caacee2c2dcd34553488a0533686a689685a25a2354ed995d242d90a8042a0b20a81642a44a90a82a42a42a42c0ea6bb1d5b3b4ea764d7c8fadc36797eff0043b3d7976351cf76cd2acd44b445ab2da65a1142ac4aa0aa512816925a65a85d66cba4d1529406866da2caa502a54a7650b521505646a41608486a4150105486a48541641640485b9575af63a173dfbc7a97cff57ecfc4edc7e9de3e5e7b9655ddcea5b66885166a2148a00a55594a525b4cb425a972d5316d33a50b48a2a95549a09549aa2354da44a82c8160b20acd2c82a42a0ac8a90d48042c42c4aac8b244d628ebf660cf98f55e737cef7fe57d5a4db1ace9556685214002d58a00a526f3a3566e5cb5a38f5aa62720c3632d173688d096d1668cda0b46e72186871a12b30d243520ac8a90d490d2434cc34c8a8aac8b212c42b22a42c42a434835f13ecfccd67e5fd5f95f4f7cf9b535cfa969950b11aa2aa995a49a1142ca506b59d4bab34b6ca2a916996e11ac92da65691a866d2395c871b385de78c7ffc4002f100001030205040006010501000000000001000203041105101220301321314014223234415023061524334260ffda0008010100010502e729c6e4774c6db232045e5005c8307212b52f98ad2ac3f44e175dc107f4121c9add29cf44939363e42e01772b48fd3917445903ef13d933b22e2e418ac026b78c9b2ee506fea9c2e0f64d3c77f4a4390ee876c9bdcf1172ecb52b95f32b3958ab2b67dd6a2b5abfe81c2e103ee3fea40582721db849449720c41a06fb2b2b6cb2d442d6ae57ccb4a1dbdb78be40fb6efa98331f5f05ee83798b55d5895a15bf41235043da23e7ce3de4d95afce5d65ddc836db0b95cfbee1620f7f66ddf2299f4ed2e41bcc7b2ee506db61365dcab01fa022e134fb575744a6f8d84a02dcc5c80db7ba02dfa378ec87b05d9061423dc398dca02db09b2eee43f4af1640fac4a26e9adba0d03d9251726b7d1d4bba1e91ba0e4e1709a785aee3289ba633d9baba25345bd0bab21beeaeb50570ae3888ba06c9e879e106cafc24a6355d6a5a90f56f97e5a2dce5cb4df6decb5ad44ab2d2b485a42d21690b485a1695f32bb96bde7b64de0a8c2e9e555d86cb4c81b7014df24a257729a3d02e42295ebe1274ea795abe60b52bdd7e5a2dcf7ba0366a5dcad21690b485a558ab95ad5c70695723739b64385cdb8c4b0a0e162c76ff08940268e7682e30616f7a868618d06db2f2a6a58a555986398ac6ed16dba90e026cbead9a9589405b8085a57741e81df6b6e736c81e12162b8789da7b6d3b1a39e928df5060a7642dcea5dd4567c4a9a613455f52208ff0039ea56278877cc9b2ee5016e2baba39595c840df8ca70d241e1216394fd29f61cda87361f49f105ad0d19d43b4b13bc51d67c3b9ef748fc8b9589e33dce57ba037dd5d775df843b8c8baf078714a7f88a5dbf84dda4d90e0a3a7351246c0c6eca975deaa1da220322e5dca1c6e360d1604d979e0b71d95959771c6f09bc2e0b1487a15991c8e4df19b8a68e0634bcd1c0208b61ec09b9f0aae5eabc9b2eee405b97cb89b203f46e1640f0158fc1ae9f3b22879195d5d37b9e0c221bb86d93e855d50ae80e63d878007e908b8f086d2549570c65d8953855188d3491665d9372f19143b0e0a48fa506d93e8a9a86c62d73cef3d9bc24a03dc784365555b29c0654d5a8f0ca76a14b085f0f1a751c2e5578446e6cf14913ec80b21b1bdddc146cea548db248d8db57883a4f4adc3e5016f74e40e55556e2fa3a2112b6ec468c54c3231d1bf23914cf1c183b6f38d9595ac814f3be67731438feafd0488654d4ec819bab5ef89b0cf1cedc7a9ee361e0be5820f9327380159885d13ce78cf65e7f427b843c6f22e25c399798d4b2377caecff00eb2fce64e41607fe95513361655d5bea0fa2386f656bfe8dfe42078485514914c2af087b1105a50fad1433becc11ddab2b1b036695d2bb87cef3c44d9017e7be57f4dfe14555d29788858ed3643eb390c8eda5a87c0f2e2e7710dce3609bc23e63bee16a5dd7ccac5695a56956dd7e7394de46f748d6a354c0be2dabe2c2c42a18fa55ff0044e411dc0587a3e4f0fd476ea5a8ab5d068f78f9a94d37dd553e807b94e9c5d94955326617084ca281aba2c4ea589ca5c2e9dea4c1429b0da98d39ae6e65016e23c0e37e23dc8cc95a8956bab2d0158ab9083bdd779aa4c91cd42a9ea3a90e394cfe9b1c4b8cb288d45472542829a3845b7d94b0b241518444f55747353268e2390dce360321bdc50ed913657255b7daeac42d5edbbccdde7ce925d4d55326b7cd2693454218adc92c61ecaa80d34fc0787ea764371364d19172b2b2b7095621075fd6be6ffabcd6671bb43ea65b47349a0505274939c1819531b9dc98ed37521e21b9c6c070f924d95aeb4ad2acadc645d5edea8cdff547f73b1efed8645d69090d6d6d4fca267baa19e38e56ea6cace9cdb8f09eeee02a181f2a66172a1852185c6bfb5c6bfb6448e171a761413b0d784fa499a9cc70e03dc0edbefc8ff19c9e62ff007ecab3f2d3c6228ab24b9c564ef431f56ad9e38cac723d159c0371f0336f9db4348ea87c10b626db2f88d33edb27c2d2a5a369525084ea695a8f6dae170093b49405b90f9ce451fdd6ca56f5b127bb431e5543f5cbfd3b0de41c857f50b771e17e6537c6ca4a7f889a28dac6e4e7807139c17e1b59af81cc0e4f81491a7d1c6e4ea2727d3cad44108943b3f37140728d927886426af371d23068ed0d6bbb56bf453958443d2a2e5fea0ff47379765f9db8643d2a7cf1485e14f33a40d758e1b57d660e073414f8578c9f60257752493326c872bb6bfe99c1098e0e6e5557d10b3a71551bcd8abfe5a58fad51136cde42bfa85db4e637b7c643ead947175aa1bd866f6dc62549d179514858ea0aa1511f0b981ca488b5574ba8a7f81e3c21dcf28f3b1fe10d5016d446575a354e44f5ff0087f77626ebcffd3d16aa91ca563b26aacd8731b9fe078c99e730b078ad18db2c624656d31a791534ce8a4a59db3c7c35f51d188e4ffa5bf4fd4794ee7f8c8b1a5686ac387f9cefa0aaeef538045a29795e6c2aa4ead4ec3c2fd8cd805d53b3a716eac80544534658f5455260923787b77cf2b628ea26334993fc37bf3136406e7eda136c424fa14add755033a71f2e2d3f469369e13f566dd98747d4ab1c189d2755ae164161957d27037dce3655b51d790e6f043878e51df7bfcec6bba75b27d0a860d78a0e52b17d55536d3c3ff79b7eac82c199db80ac5a92c484d2b09aab81b1c6cabeafa99c713a426365346ef99fcbe780f9d951f4076b80ac19971cb5930820a084b60a98fa53ec3c3ff59ffd641618dd349c2f6870c429ba12a8de5aea2a8ebc3912abaacc99430492aa7a06469de6b1fae5e5f3c07c6d78d4cc31fae82add68a923e941c85571f88adfc6391e99f70dff00f59471ba47cb87b594597e29c5a1e2ab804f1cf198dea86a3a32b5d7134cc89b5154f98c54b2c8a0c3d8d4d680253665549d38bd67efc25da64d3d5c4072d4ca21870c8ce858dc7ae9397fe9451ba47d152b69da42ab8ba33afc47f471e234bd663c58854134d22143a8c74f1b36549f96b9faa5f59de582e76c4f1057e12dea49c8563523a57519bd3a999ad8e6e87f27fdc51ba47d152b69db962f0ddabf101bc5c6562b4b624281e637c120923d956eb271d4ecbf3ea31b61b6b85e3a38ba34fc951208a1c360bc38592dc8ac5e3d15bb0f03185f2d2533206e6f68736ae0e84ab0f76aa5e47b438575398650b08976e26fb332287a6e5136e7735bd5ae1c856224cf38166c9fc38b04563d1ff1f25276aa1b6b29c4f1b9a58ec21ff272d540268c53bccb434df3e65622fbcbeb792d161bb0cef888e479d230a3d699632d2238ddadab1366ba31e36143734d9d19bb76d5d2b671087d2d48e69e9ef3016d8f36133b548721e99517d7bf0df97121c98bc9a2970efe372a98fa90e14fd54aa417611a4f1fe30f7eba4dc581c87a75f274e9d14537d039b947f5efd5d1aa1c65622ed75b11d3222a9474ab9395737456f18582bef0fb2562d27cf9793e80efb1be77cedd71e1b375a9788a69ea55a88de35583a75c1158d36d59c985c9a2a87b24d85449d498a29bc6769cca2879e0a393e1ab071543b4c347fe85486f0ac51b7a585fad8563cdf9ca1df6ff00ded69d2e85e248fd72b129ba701c8773c4777e73390e0959d4661b53d68f86bbed68fed9509eca66eb8f0b75e9963cdfe08a2eacb3c3d0a8d985d3b266d5514906d0b099ec7d32e01755abaad5d56a32b556cdd698a287a050d8721e381daa3929a76cf170621f694ee3015447f95154dfc75cb1917a2c1e2b9c6a3b499858336d4e45c5561cd7a9a17c46d9b4969a1a9ebb3d19e4d2afb2b66d2d450edbafb7ceef2761c878e164aea492195b2b37d68bd335a25a7a692ea94da645547c98b2c545e8b0c6da8f1765e94e61513345364f60709f0e6394d47346ad6ca27ba27d3d7b1e9a43872c64c950e3a5a4dce751388c13724a0383c1dc72286e1e47179513df46ea6a864ecdce170d6f4659da42a4787bb2c57e595625f67877da623f67f8ca963eaceddb64f858f4ea084a386c49b87461431889bcb46f1aaa0fc9913655156895e501c2e57da50e167d5c9a5d1be92bdaf20eeada56d43642f80d29e8d40cb1a1fe2446f1e23f6741f695ff0067f8416110587ae557b4c551f152dbe30a35a54b2c922eeadc57455b61ccf0402f272bd8d788e5a8a651e29126d5c2e46a2209f5f4ed4fc5624fada99174aee999a9b413f5e9d62add54542ed5475ff6943f6b88fd9ab2a4a733cac686b7d89e26cac9e07c4ecefc37cacbf39df929db61ce402ba4c5d162e9b02b0d9452742b42aa6ea830937a1c47ece8bed71436a3b2a6a67ceea781b0b3d92a5eef742c7234b1a9e08638c0be44afcab26b1ce5f0af21d03dabc657432be4333c1047a8fb13b75328a6ebd3bbb8c1cff0e23f6749f6d884324e20c35a0b181a3db7fd795649d4972f24850c2f94c140d6a0c001634a3084ea75240d0844d924e9302a87863792366b2d1a47b121e9c986c9d1ab585f69b13fb2a71687de93eb531d310cc1b0a3675aa18d0d6ec26c267999c069151374c1249e302e626681ecb9a1cdf99aa9a5eb434df2e2b8afd9c7f47bd2ff00b1557fa322d7162c207f3ed99f7ca798301373c605d431e81edd447adb82d45a53f2e338a7fa87bf38fe4557fe854b4e677e281b1d3ac1c6cba965524cc6a92a49e6863d23dda88cb2474c24abc43bcfefd43729212f898c2e30c6228f157ea9d46e9610dad982f8f951ae953aaa67273dc79e9db777bf230c32c8449887e82c328a974541554ed730173f0ed753cf4ef84f05f8a987c9efb80229ff00c5a906ff00a3aa7e884aa3a7748e4fb69ade8eabababababf2c42ccfd0385c5354181e36d54ce85d1c8d907b75117563750b4ba18c44ca8aa642aa277ca4fa2d172398b804c903fd37b43c514e41d845d3a1753ba099b2b7d32e17def7068a9aeba27bfa500bc9c8f998d5d77c85b0dd016f52566b14551ac6d9e02d34d38947a323c31945219aa775454b2113cef95d7f5295bdb85d2009d32d4e90b2982000f5e469bd24fd666d9a0b98270ff47119b54986bbfc8db5955d30e7124fa5a6d1651374b380bc945fde3a72e2001ed5cc124320959b6a60d6a96a35f3cefe9c64ea30bfa7283719d6d574838dd147d1899add5472a766a7f0b18f954513583db2a07fc34db4aa9835a826ea0e5c55ff0029cb0d9f5372adaae9024937cade8c0dd11b8ea7345cc6cd0dfd3bda1c2866df5311d504a246f195889bd49c9ae2d752d509995b562205d744e77f42066b754bf2823d23f532dda69a76cccdd3830bd8e0f6f1155df739dec9d7bedb730173da18c073cc51067eb1e5f4d35356b2540ed21410f49dc7880b549dd656f469e3b27c61c40b7eb6667518ebb4d3d7491282be390075d5f9f128b547ebc30fec6be2caea1aa92351626995d0b93646b95d5f6df65d4b55146aaab1f32f0afe9004a10bca6d3a6c6d6fec9e35367674e4cee83c84cab95a9b88ca10c4d0c498bfb8c4bfb842bfb842bfb8c69d8904fc45e53e7964dbdd77e40094207214e1089a15bf6d5d16b66fb2b2b6d2afe83222e4d85a10fdd15531f4e5e63dd7857ded09fe731dd47101fbead8f547b405a4ad05695a106e45b75a73b2eeaeaeaeac4a0dc9fe33a7676fd05d191a119e346a58be2175645aa7569d689974a45d191745eba0e5d072e8bd745e847205a655fccaf305d4902f8842a1884ad2afbbf1531f4e41986f1690b42d0ba6ba4ba2108daac9c2c7222d9c7f47b7d694ad5505699cae94aba057c385d08c2e9b5587a65a0a740c2ba4f626cddf6d647aa34d087a645c169197945b6ca092dfba7343859d1263c3c6654ecd12467d62d0574c2e9ae885f0e131ba7f76f8ec639356cae6761d90fd79fd3cb1ea51497ce56eb61ec623ff0097999a944fd432ab6e995a6ceffcbca34381b855adbb1466edff00cb11710f66a78d4c509eff00f9a9c5a569b3bf5c3f59563f9133c7eb422aeaeaff00a8ac1d947f47b03d40323b3fffc400221100010303050101010000000000000000010002111020301221314050410322ffda0008010301013f01bc95ca985b951e5390c52a54a9f0393e745077c65d4b7f00dc0cdd3280f1e1033615c788310c0028ab8780682f02c77846f16130a7b62e9405edaca267ca1c509ef8b66a2d1c227c136c790515140292a7c7358ec474cda739b4050142850b4ad2a331a943a805755d01694723850f55b5704d745ce28e67728e7360b5c2135d613438cd5fca3d36da44a22134d0ae506a763357a3d10da36e709436532a287619ddc74408a3826def6a61abb23455dc5e32c46002a73bb8c2700ca7a244741b95c7a2e1379ac6d58d9114190a27a4e6dbc8450a7cb616942711308ba6e9cc5b28b6909a0a7042c68ca56a39da24e4226cd39e13b7340106ad01685a5117729a232b97de89a14ce2c73a38bdad8cce0873d12804fe502b52d68baf60fbd08dfa7125108a952a6e1c787b045d3e4142a5c89c4c1bf7dc9a684e268928ee9a23be69ad4e2e0426b7ac7f941d385d918dfbd822681c42d6b585a8290a42d416b477b2693485a0ad08340ed7e83ee4e6a04a0d03a32a54dd2a6c3bae36a428514850b4ad2568a1a0e3342851922cfd07d4314285a13647807709be73b63e77e899e6bf84ced7ffc4002111000103030501010000000000000000000100021110203012213140504160ffda0008010201013f01bc2e142d829f29a8e3850a3c0e07e7216de345dc29f208b02e7247952a6a0f80286f360fcb9b008f28d23c48a9b4a03c116cf9029343485148f1479c321ca4a9aca95ab38b0e0390d74dd2b521901a0c2721ab4a70b80433378c26f184194e160a0c62adea1b784374e164a18c55a860386686e06172a14d0671ca1d026811bda53aadc8e356f37947a93519dbce108de728e883384de72b7a2d3178a15359534394749aeb78411457db654e3894047503a1075253884d28d84e50a06771db20a7ca4f407142b52d456a5a90def2672b57ce984eb1ad9bdce9ccd2be74894de110a16941b7bcfce84f4f80a505180f3e1f280f24d405189e76ef84680627184364e33df14d2a31726539dd61ba8c23239df3b00c53485a1692a1428505694304ad616b527b4c3f339308ba7b5160aca9534952a56a0b55050f726c61f88e2952b5a747803629de73771e7313bcd6f29ddaffc4003510000102030605020309010101000000000100020311211012303140412022325161507113428104335260627291a1b1234392ffda0008010100063f02f44a7e4795b4b6b8bdbf254cd95b2673c4f1f93e7874cd54aa2caccf8b3fca14a68b2b33fc8d4d157d067e915d365eb53e01c54cf41e38abe872f4290c7a66abc34fc835d5572fcb75d0d3494d557d328aba7aa9e9a675721a1ae067c197066b3596078c2e9ba7c298e6677d75172b5cbeedcaac7595b243414cb0f3c3a2ae82455ffb3893bb22d7091d54982654e33aef85d333e552de66857a1730eca5be82b970d712b814d097b29107f6ab9ea267961f75260e0bbb2bd09e7d8a0e54eb39053399e0a2ae14cf076d65713e237a5fa7beff00bb1fda90e0f36c406a0e48bde664db455c396d6d3495d339a3a85469a5f20cd06b68070cbb58e2a66dae3d74d4d33c7caea8c499c00d6e65060cf7e23648748b3b0c6f6b267d344419b348629f61c46cf86d3eea9a0f2bcfa649cf0bad3d9cd51db48c6efc454855ca6743e70abac9f0f355db3429c53f061f619aab6f1f2a90daba02ac30a70791caec4123a086df33e22e799045b0b95bdf574f42f83f6517a277ecafc4e78bdcf1cbe7191458f1270c773bb0e190abfb29c43f4d5f8f43bac1ee78c458750dea1e14e199a11db98a1c7887cdb33922c81ffd2f3ab99f4cbd05c613fc22c8d0fe2b0d26110411ef8d13decbcf2bb33b6b267d3f9d83dd4e01bc3b293848e2450bbbf60af4433d64cfa3318eab5d8823b4787623be1ee112e3327593db068b2b33d5c23fab03988b325d2a234f6b3238321a39e178c0a9f4067ee1c775b9aad97618beef0b9cfc36ae79bcaa436ae86ff0ab0dbfc2e897b2ff009c423dd74de1e173348b69a39614b868ab6e6b2d7c3fdca85555696cca24aae7d95e8c6e33f0ae46cb0799a0a9c3e42b984dbdc6b65bf053068ab4d6411c174e62cf015d609c43905f1237345ff314b5c260a7433f4d64f7b28ab894d5fed6f002a9baa55c720be244ac53fd29b94a75c5f8ad1cccff0035b5d048ea62f089ec8fda1f964d5328bdd904d7ceb343108ee9ecfc275325284d9aa90173445d6566e59b9753972c42b95cba555a706478e43431bdf8431b9bcc935836574210c6d550dbe718387ce27a99e4cdcabac1216fc388253e9381d20ae5242ca6aa258721a28bc33f961844a24a73bba7c53b531a0bb1c0c1bbb0cd06b4480b644a30dc2447495f0e21aed8155cab9daa945472e99aa83c54d1d45d98e0253a21cde668353bf8b18373538d0ff768a5c533d4eaf07c5638c90bf98dd4c2baf3ce306ab9556c9945d2921c1338b2e26bdb9b55e1bda183379926b06c11f09adfaa633b94076c68234ed66d99e19114579bd07fab01699155eb19e155532571b96fc33c69f1d04e1ff8baa4ba828576a1b5b095ec13e21f9463b5bf81ba23c2621cddc45aec8a96db1b039a839b854eb3970f8c6960d405d213ff00623ed63d5eddc71e2bfb9c61c07824374d6f61c65a73d916bb3167e939a0e6998c02e722e77078d54bbb11b08eee926b46d8ce3bba83467819d85706fb3ac5b71dd078e6a9d032e093b5701fe6ea75867936b8e590f2842f1d19e07bfe985f15829bdbf09e6bb717c387d3b9b64d0af66e55cf1bc62870f94cd5eee2c8918fce698cf79fa226275c4a95119d8e887033cd70a47247f09cac0466103f36fc17219e5dcd9c83eaaf44e672a296cdc6ae31080dc51196668a1b3b0c6870074b799d63227e212c63686b04ca75271339f03078c32d39ec8b5d98b01db7531929b8a90a37b2a3643ca9bf98a90a2289df5d1e17d54385b3798e339e764e8cfeb895b263e533c63606b04cafd7b9b1ecdb6b5bed8979bd62df84d7c94e23cb972b470ddd9bae63cf4b848a8df683f3190c6f810ab745e72872ed639a774e69d8e306b4557776e6d1146d9dacf6c5f8ac14dec0e1b26b86fc3ec113df5cd967793183618ae79f9427c48bd517fc51603b386eb49d9f5c56b46ea4d15efc041c95ddb6b19fc62c8e454be5dac30cfb8e1779a6a27c7061ec398e342fb2b77ab900103b4516b227638b08f9e296fb1575d984e676c62d39ec8b25cc9915b41b8e1976d7c53d9b8a49c828d1dd9b8d3dac6466e70dd341ddec8a3c4f15a7b140f17677742f8a658ec88ccc66a9c0538f9d38c089fa9b8a5a3a9f4419e2c88c3b8401cda65611dc22dec71619f1c7cc27a477734d40c08317e871613366d4a69b63c2d8f38b628f38ae6763ab6b3b575030084d3b8a1c48f13cc8580d9f6789b3b90da3c8c596ced5b9fdcfa0c8fddc4ff70de7b040f7ad82c2e19b0de4d7771642762870d935c37d4cb7753d0a5bab8ffbc650e145fda9963858e6f70aeeec376c61ece4d60dd3e1ec3863fc41d97e2677e2f82efa693359d99acd13b0a0f4311a1750fed07b3062fb2683d0ee1fb443efcd63bc14f8a7d828713bd384bbf11b2f42e53d949ede005b985d9c33d14867c371b99f45bedac33d4107b0cc6045f64d1e15c7f5b536d82ed9ec95911314ff0009e186df16c9c2617fcf94aab263c2ad97986aa4fe52a8678cf3f2b288953e090ea533e8b557a1f343dda83987e9c724f82ed8d1088dea6a6385bf667f674ac8898a27b7031bc7ccd0ba56655492aeb72c68adf9af216d54a17f2ab9eac62df806ebbfd5722f244e3ecf1915763b7ea833e57545b7bf0b814d3dc28beca1fb28dfb780c53be5a9bc0caf2e6e65d0a8d5cc75a31b982e437d9d8aff00a02c2a9102ac46afbc0bfe61ce5c8d0c0af45717bbcaa750a84d76f91b222827f4a8beca1fb28bed6c874ee500321a92d7220898efe813efa0a85d2174ae91c377e48bfed910784cf14517d943f64ef36528deeaeb356555ab244f1f2855a2a89f0d06378d4f2f536a135ffca2a237b3d444cf64d6332538a6f78520243586d96c3879029c4e62a402cacd955a1507285d2a4dcce3486a6ffca7346113c912a2cfb4b3b39444cf6d79b1c785ad764a4d121c521d2a41795339e2486ae455d3d4cab4a63c6e17da9bdea8f92137db5e6c7da48141bd84f8e296d653a94ce78945e7594ea1927c1752750bf735436f77fa13acfd2332990d94163ddf4e190552b9698d339eb8468798cd7d9230f98497d99bfabd001b1c3c20d19941a14bf08b0489683559cd6416caae5571c79f6f4063c74074d4195406cfd0dd136dac79f36361bbb2ad5bdfd4e47241c7a0d3d11e6c0ef941b0dec97fc3443d064be1c4e8d8f134dd9b37536998d65dc937f0eeae85dddd9731a76d10c7a992a68e457c18a6bf29e1aa3120e5bb54dbf5d24b7381371904442a0efe839a9426fd54e29bc74bd88c95c7fde0fef8be240a3fb775d9e331a22e392738f6e3ad4f653765db4a4e1f652657ca9bf98aa69c3d9d614f270cc715f854883fb523488331a1f863219a23b8e2badebff14ce7a3bc77b40c1aa90a9538bfc2a6abe2b3ea107372e2bcca441bab8fa441b63b9dd9127329aee1badeb533a40d164fb615395aa835b2ff00c9dfd71df65220523478cc63359dedf86e35195b75bd7fe2ae7a49944a9052f48915f09fd4de31161f58fed4c629f02d0e6e61568f5759d7fe299cf49e02ba2c99cfd2844675354c67c7f161e5f30408cb11fc142a674945e54d79f4cbd0f22a468ee3748f21c8623bcea6f1533e9d2522b398f2aa6e9d0df19b751377a8df1f5b795cbfe8dfe1754951c0e2754caba28dd2502c973154f52914470e6a8f2ab22aad55695badd6eb22a8d5ca005cce3a2a0b2a565eaf78663d03b7ae91ae99cfd7a6331adbc7d0b30b35baa31ca90d7485b2eb0bef17de2fbc2bef0afbc2bef0afbc2bef17505f2ae90ab0d55856ebab03c68ab84359486b2017505588ab10aab9c564ba42cb475016525c8e52882478a7b8d65d3eb5cc172d5bd95384852d365c19acfd6ef328e5234770077e5898ea575dd569164bf2bcc752ae62df7fcb37c7d6d9f6fcb32523b584592fcb6e43f2dcec1f969a6c1ea7ffc4002910000201040203000202030101010000000001111021314120513061718191a1b140c1d1e1f1f0ffda0008010100013f21193e1556345011b4213f63b6453171bf4679d85bd8ad831c3345726a85965d849ec48f66d8a6b2222d5df0c531f0d5347df32113c13f6342944e934924926e4d55131783baac70632f40576292f912ad7994664dc12b0bc61f8c2dd766b86a8844d727f5555559ac8aab94922648b5b8e7834b24c93b2491310992493c278be2b8c0cc6e5c90fe1169582c068d95c881b37c955191386c10bef195d936b739f17aa668e93e09244c4274246d0e8ce394d26a4c9f068d70d56d477456e96908b0a7cd58a2f0ea094733323a364b880fdd126c7b19eed9112f6cbf64ae025e93126d4095e1f2915335545c279c9be4bf70ece1a35d278c924d244fb13f3bc84a5d8b451ad0b2c48246ebae28592c4b0ec5acb66010b9341a8deb03e96166b9445e249f102eda44b6c2c225f0b5249a2aa157660d719e11a566935156cab3498278493cd0ab98b53465df1e0c224f18f66c777e159e0d49d030b421093b3122c235fe3ae52490380d0c69ac937a489d362649bf12e13405d51b316fb66eaeab4f7d2133ce3d1ea98e5be4afa3f1215c095ed89d882f32e3f23c28922727ce64426c66934dd1124db83f02e0fe8a363584e544e2e113977747e054448d096c9c360afaef827e84bac85e58bc5be09f1b531a69b4cdc15269355443f1215268e191a92e8b17e1be0e9d82d2d9eebae5aaa24b917095cdee8891b8c93b70ec4e1cb7474c135926aa93e59a4f2593634ae289249abababe4d9d45db18f423615b8a2549f0ee9233615976296c89aaf612bb6741215ac31783e78a7975e05597e889f9a68e99ab1095037e6b2b8ee8b3e35c613f71726f67cf1af46eac7f42fdc091dbf0af0488976fc1338c3a132c5f54d55706ac89caf0c8d089049718e7ae56e71c1c06cc9212bb329dd8a8c9f02acf64dbb7f229e459c36686c87688f68f621771ec426bbe48c517f436dfdc5bc0780a9349170730a4a783e33522c3d06c3364d75554cf05c2dd929e1d2521b3a36dc1b89f67c26fe3b90aecd855b834c98d742d8489bc98edba4ba0b03d24c43b659862131244590937284d3c6289d5a957b8ad6f99a1b5c269b10a5b5ef9b05ea68982723a3e0f6127d282742612e7c3be28c64b9b1984bd224b924b2fc0d3769fb253b09301b7d816befc38a4dab824f1f9042c5743458bb2f5dc0b65fe9e847a06ba9443811e548936a04ec3e1bab49e877e860adbb139c135895726db03c313153e53548912d4269e98fb01bbee37ec8d3e4ccb252fb18c99fa3f4985e45720935f510111d08f8f78252c48692cc10ba31044eec40dad1f91aa80b5ee8ead26d767b5249e1fb1097127d1d056c53086985766ca1742305e04b1f4134c3fd9d012f0e99acdc6293a526ad4a8639ad826448993cac0aee1c846cd24259ae2fa15a894be07cf02aa2e23f902ba6bdec4854ba95bd0f5c3f3097e5e574c6ec88bb6b979bab1a62e66637e0492c517059a370a5893d1aaafe8ed701182f04d894b242088c9d1a685ee217f5ce6b25c87c024aae3945a1495464fa3e173aaec585e4422c2430282124b4aa8c265654ca414ba87b1e8bf843a5c8b99b3b742497af17c618448ddbfb895edd3159255331b1021f443e88647ae0d7440e30ec4d353e28972f189db8235567fd98434d59e6aec84a46a285b2a3aafeba15e5bbf346675922b95a1c3ed4c4b07a26a0b56577e88e92112c78fee32c02043bf0e84ad6e08964364083e5315d52c4220e9652ff404ed4df82652b2868b09889e5326460a2a5721284622c89568851f72ab86c4552f845e6326edf0d8d73a265ec6f265dcff0078ba21787973f43f3ba3ec79113cd327c2a935905a8dd2466a98a5c443bd7f9482043aa1650c04380e42df785e042d1f02945578f988827eaf449d97f24379967f5c1785a413852c88eeef53ff0003d5774d93c7668fa2a4968321a49b564fd0401dfd3647f10e44a6455943b7d3f24a489b144810d89eceab62c09735917a5776475295fef192ff0098f6f5a46cc6cb62f3dafd122ef2e1ae1a21b658c77fd3cf3cb749bd776a5e80f0c546cb912fb0c9f674e617267639885f81b7fe62869d1eacbad31add14e68190d9334491f5e044cd8b9f8abbaac823622fed066fdf9a66c2a394566bba492fd5d88f1bf22acf09acf066c91253434d364ca8d7ad35c1b933e6f40b82068768a570b7fa2a8b235cd962163efc08f975c0d89335a68b9875a21bb927e3c13c1f42f79f02a4c2915dd14a923f266ab34feb9fae09b1e1d14ffb03625c722ec6efd42daa8d6368859fd0f1d5766a8d8b1c1c04e4fc48218c6d84db1cf212d864b6db7b327c4b8341122f0b249126fa3a3e7f80fed170dd5127daaa2c8876c8e172ff0064c4ab7b187ef46b095c94b288d282765c0aeb5cd1ba5cb56cbdc646e417aecb85f520df2f94913e3fd0eca47716ab8451a64266d1a5e7fbc77c27c38a265d8f72449ac55ae0c8251b93be8ae4cfb8b23cb88ca7c37b8b7a6072aa15dd94c66532e11be7b4b486ebbe2e20961591ae0c61292d5fef82204b1cff00ad5557ef1fee924aec876895dd136269f0d93c278cf2dc8d2e27a62bd374cf1b08685a57240e9b5b85b4b8b5a1315f43026531be1aabc8ec86e598cb278fd6162e653e06e14bc08e45b45c951ab67a1b25f02f26d896db3f2a3e48e90cbd2589baf3de9aa5bd4533e78b463258fba753097626c97b26cbb14c1ff0087d96a6c5c6ed82ac78703722bbe4f07fc9458e768b9fabc646ab1724c4213e60868c78fa37e0f5564d15730d0a64a494f86c6cec0ff03391a58dc5d9791d2709f52c8b2fee3629feb09788022bc08b68fe3009d70ee0f61dfb55937190a48f134ba250b94c87e45642c8b9e371b121595a9b14b23c01b1a45ae86112b08579214f77f04f19a4f19170d70ca5cd3b43430b6098b89662a259f80ce5320b27c26591ece84cb14d2fdb6211c19030d096fb42c6d7fc24ebfd6444a76c9a2a6c5543d1298170a5857cf3cd18ac091b1f0507d40bf2624242e0d1306e7f62838413d719aeff00c37f747c2e403c327e3a90f46b507a9927780aca235e0823f4a1a6602d5dbb5e16f755c9bf8aa68c787da406d8ccb230496fdc574dcc4c2867c289e47eafa1566fc0b9ee9aa7e393219fa05463d0f645cef89170c0ec6257b3b624a4220355d589d50b8ee8fd103dafd8ca5cf03189be39313962c2555c7425f247fe01b3ff004130a142104117e2be557e8fb13bff002d62bbe0b82a7c3e55e1988ab2cb7e2e2c726ca41db5c3fec78c2862f5c21a06b3fd8f3f2e7dae2b7f848639ded5c3556aaaaafe0aaacf1592fb07788cb1ab9dde7e1096d16dfdc3ff00dc3a20edd0fa8c72fea1ede5f04f6ff82d469f155031dbfe8a6f8687360bc7d1b16043301fc77f5c18f3b12f2852e16324af3b06abdac8908b86f945316256214afb5d55bb7368c8f0cc5b2ab4d2a9b3448d28047591fcd4f1d7f204eb040d5ea4d3c325640a3bcf4cd617b42378737b2c4700690b3b3e709bb0425abba3e6f2abf3454c116a3d2748a32fcdafc8be846fed0c71b1062cb0fa25b8607c66896315db5e12c70f9479a8d02c7d5508722f579a83249511904de2474bb91b7f72ec4f964c4246e5bf0c4b508fc98037f4258dfd3230768c76fc115b66c6c7582d93225ef87c1f82e97dd75418dbda187c264c2527fc1487f3827e9dda81913728fe485c743e0e8c7506f8dd5679e47a55774e0d0ac467761628c6b209953810f77e540d5321ac32dd3fb869f02184937fea34da120827e185776176430ac6cea884248bf47c5f81ff006222dc669ff8910b0a5a8c76c0c51289688fd7441dbb86270428c24783633e8be5302f7bdbf30ec99fc95bdfd57021915fe808909617043a53650e896448641d0d8b2e0b005c763aaa84bf65c2e175ac0e9dea370b89798d71dd77c7d97be9aa2e1c0eec8e730b23b43d8d592543426e3b331be8122bd02710b5f58b6a456dc755c48a7d9f7c0c395853c02dde217ca3e9aa31104d81f1aee186312bafe46b7f5744f3c0cefd6507cb6ef9636641a164bc8fc27c5f4d894284315715585d7e04bc7e8176f485bf550ff964abaca11baffaf0c83d2b9d1ad8e39d678f4669c3fb2a898b23411bf47265ba726f6234865c4e18bcd39c027e461f363d384bf9365585d21d7468a78a6bfd72805a97974d8abaf064f83f87462fc917812c5170dfa172645c52b25cdb37c765ebc33faaa208d4ddf80d585bd563f689cd0d0c6ceffa05226ae9f24a36709647b65a7fe862e37f97d222843e848427c39abb2b9765e074df86f6149f93f86c7ecb1d7662f7e6653fde32654f85ba7caba354b11c17fedc05cf42c92d7cc568888086b466f634d1d1092dd89cd96fe419049425b6c627f5bf64a5b9aef8eb85b8370673c0b3c1e58fb5d135984a098d89c64aec86d787e0565c355cf2ca925fb1742cafb18f7d1f38e1459afce1bd60c524587b7f31aab02536ca18925b986a18e4e19298ab4c2c9ee8c5a4db70bb1c38c983634921ac363b11162fd1193449166bff00b095db7cb5c1561b74e85cda1b97b091253b2dc62fd17e44a4ff00d38eb82ab2c46470b02105691f4d8eaf1e30913a4443287ffcc74d88fb097c7f5ace9890a0b0c64cdf641696cb618f09fcdb2663e96c86fa420ffd2894849d224de8ed0590ff009f2be4eb84739df09c47da0aa58f0a198f7593205ff8234320aea19534c5588cf390fc8d2d1bb021a8d1126d3f14dc488310febc6d0b89ff0070d626a1a1a18e12ab16913238db8ed8918a428bb646260fe4746eb3c678cd278b48fc4d755b20b61ff22221628bdd754df1b11830254fe31a2f1a568664ce5c5d9d1f24ae264ce24ed048688fb7b7e068d8907af8f546f0312066531a4d0d383626ed484e79691fca4ff866e11967d3170647b222429023fb3c18e1a1c3da418a5bdc8de811f05816c43cac7ec31f16b8a3330f024a1df762555072ca1a1ed6ceefe88c92fda5ccc74d518c2b9440d50baec243a68556595960f146a363f13e4c6b417961798a02c537c1869766fc62d4212508e99fcda3025533137e87c9629f6a864c0ef5546375683ea60b23bb4a1729155d1e0571ece98a0d89b1a3850cec433458452bec31d11f91f2757813a4f0935a16b48bf259ecc46147d70dd3f7c138512c82d880958ff49902d3615343c16625d8fc1723e29c115f5e8cf6529aba3ba27587027b53b93d418f19f03196d397d2149642a4d246f48f67b450d9738e3ae6df14e68d0aa9f1c1616f6fd2e5e3d0fca44a22556561af42162cf43b2acf49e96444b5b172df154764d9ca054d213d890a1617075febc92bd111b1ae588b17da6bc2f02cf0ebd8a8d71a398c714c4fe263a8d346b968d7045f74b26f40c4250e458303f3197266a9aa6e8949ee42f0e792249e1bab18993f60d8cd1e462c70b8dd1e18f27f288b7268ed4cafa2ddbd5fbe2a04678dbabfd611eda433d92060624d2387f68f0272daeb8a2359d98a97f859a31922d8de16492bd1f286b091f693e0d0d7842bf0c45654b9c191805819fdf2d01fad07e2ab9347ba566432ec23e4ad4763117f0217e14cc083b49aa1ee7ae330d3c50fc91a4c6924f1d577cbb37e2482bd6f943627c178de10856e0af2aa4662c89644735b271927d31f83b477ec4e7c0c78fa0798f4a9fce692961e864bc9632890a3b7edfe0edc167e863aa325c13e86b297a5a2278a75967729cf06c63f2e4d07d31f7889067421da41a5c220971d716e10aeee25c1e1162e19516df9cf441f4a6ba0e02cf2ba62e0b87f2638bb729f4c444cbb422e152fb264a689c743148180803490c74ca8f2b81a4d74347fd2992e4bde86223221f543a53133be904f83f1cd1a2367977e1703bbd0d8d7859161ef8eb8db81b0953faf0190b2623e78633bfc17d93f079b225ee349bcba1c8ffec2a0b4605b990c23f4315dc7726e3792a4258eec5262c520c7d82f6dfd5a18bfa41c908d7d10b1113f9223fd793852768d7066eb347464ec788bb64e1a18f6cb155f993a21efb8decb96c917de6d262c146d232242f546d0ac862c5c5e4c025955f36a0d603cc8dfc3f09f977b2139354dd54f6c350c65a6d8fdd1ff00a0c4634db10cfce57e45e8fe29fbe859a67a10fd2b72fe090925aa6f8175dfe0db17c35123afd909a98a1d1f07c704a8e25705916eab59649192f317db6912f1b223acf2d07d489c8977568426d9265f174495fb11f3c4c5eeaab41293f4c312f622d567e01b2c9da4b864e19bf2f43ca43c16bb01e8a18920b69b34a20e4dbd9f0246fc11e07ccd8f25c9aec8913245d9dc9fb3aa8c7474436e08acdf9bab44348bb706812dba741285c5d3e4ae63cb1090791fb690e34bdd958b99ff00da032137a11b35f48fcc99e492f30076bdd3d89d46cf4c58213ea49836b4f583b40348415ada0213844242f1ae1b1ba27c58942cf7d0fa1d21bec636bb23d8a8ebba3b647d486f2c488cd723e825b755773e0bfb21f9f023fb4cf48581fa048c24be70bb1c7f006b1ec57233d98b284a33f142fa57b0c58b6df62e1ba6f8bababf10ef6a93ff00ae3d29ce15f64c12e88d89b6922a338b14a320d6fa7686b069afc0da1a1048bbc8ff00036a257a0adc5d2e6d59fc9145e55c9d67db45c176779351f42c2ed347d248fe3d2a0614e5b621ff005010124697f82cc93c1f063fed10c7355eb12856a2523621447646a7d4e8fd5b688b14be1940e61c12698ba926b1ff0033163211ed7f5512ab702ef9b2158d894e0ac9af06fcae57a7ebecc2c196d248ff00691a26f444fd08abe4eaf83a6386e923e29fb69e93426de5d1d84fb05a277627288d2e2a636e10ff006d72c5a1108440aefa1c9b2dc72e8f831cac8c442aef63279e7fc170bc9d86dab37ef2e847b55f4f4836b3d2fe45847a789f91d1ba6a8c63adfe3116440e09ba897a0162ac6cbd5164aca20895dd0739f2dc5b915b8b18d092c4c8eef46cd9bf02f06bd70f866b71b6e06d86b0e999a6ff00248b12f1fd3631bae793f05c7b354f043b042104c78a5af9092491c15cb0d908b2ddf459d61d8e5b96efc5b12e59c1ddba6463a41bf13e11e0782d6ee94439cc8fe99f4ace05e2c70749afaf0eeb88443e87dada087ae40bff0019f644eb051e56cdec4174faa0b7a5144583fd882c4f0761b12e4c9f6c50b87da451d3ef0747cf3c9df381eeb760e87bba6968b06b93e6cd785babe0ee8f421a1531761d1623daac442ec8798cba18a3d083636364f325e0827dbe1eb9bcff0085aab52064a799d0a4958eccf899835fe3764c0b22dcb6443ad8f791b6a771827be3d2eb1c5f080faf26e9bf0ef86cfef8312f65298ad7ddfcc698e8fcd24d09877628adfe30cf833e57258491559147662fe35b1647e21851d430f947362a40bb62424bcca654832736e37163af04d3fae1f78388e26b93684eba148d24ae8bc0ff00fbc12e21e9b4689aeebba326ae99a7ca20aefa173637a1d835445ee4dcbec6c7c52f0bac77abd63c1a1b4b2c412c7f2884e4ef468424285e142afd3ef2da6d3a34de5126ead0fb62ce81ad3d069231f263c781f8c21a0fb3d0b07637491b2f074a1223d34186c748208f37d8da90411c660db4bf43a1c5838d1fbb02b77fa451091f38ae3f9aff007e2c60c2c4ced0eae08644145a7c460b8bab153556365ccff7842109f14cda6c189adb658c3702c5ff00c0bfc8d0abdc948a3a2a419b188fad1208ad8485ebc4aaefc37c775c8f38756d0daa5aff00383196eecc5d8c1377b707e09268963a0fca892fbe1dc5a1a8863a3621975bf81acd92dec6184bbab7e5895ad889c654bf31c19208208b08fe40bcb2057b6fba6abbe1bf077cf46ea9287299ddfd84edc961b6a7d931a6309e4f93c10acf39630891fee644e47910c6cb0786d2d76d8c372ec2867349248f2a378eec9d76357998a4a11474488e1817df37df22ab1e31cd36f57b4493c18dd875f43031ed75e264d0d5bd06448e42311168a32bb1c5c9b87336cb65d1ce4b2c0c4f9f23ec2053672252e15d9db11122a2ff0005f0f7e1df34ff00b3c84bfb9744d1b354643a9617872dc679bf9e863244cd303ed0cced6df6599624921b1798c42c98867b4577965c1dfb5669af1aa64df25fe0aa4aefea17a6fa9897f099e0869a78e8676e3a2ab8cc0c919f244e8649348440811fe04186ef1e847bb1a14b0947ca6e88488e7aaef87be13df1d78b5c96d7ce893b0d162f8c2b2f52c424a72aa9abea9bb716e8cfff001fa1be87e06c5c24927924dbb173f8cc2e2a8b83acde9a1f17fe03a3e6c88d227431b9f198d7e41fee63f86866431249249f44923635596858e53a10b5a7fde4bf7441f36c556f9e5067403ff10c4b8e5d11144ef4d551fc78e7506fceeb36e09663686b9fc520b92463d91fdbaa607ffee3f802d8bf5133ff0023ff00e41e90dbc5700ea111db963f4322a7da3b0dcd1527867463b9b0a6666bac48b1615a8e91458e0b8327c4fc72b5e39269baff00f40d0b8d88424a3e88f6348842812457de9347c1991a81668eb9eb0d04bf62258118f06f9b10f82a4d249bf1f5c59bf0cd666b3c1534d1d00ee85c955ba24de2a885fd90918f8370336b36087446d0b26f508c73434639aa45208208a5c9a3153ed247ce49246c9e3262b359b13e06963c56262ecc4222c2be86cbe55f52cf7c02c04d915dd127820d878e6fc31559e104091ae324f647b10dc9278fe04312fc0a7943667fc936104bb513f2a1ed3ec9ddc673a6c57f03a7f5166dbf06c37f27fc80ba5255e1f518b420f1c244c70e0c915b5d54936ec76894595638c586cc8fdc992ec68c2f78961091284ab99439bd55e7e74fbe08a5ab22f0d8811ff466893697f09b2928d7fbc05d88938fd02568475e2f5cddfa115d1d99e89f332e9917fa4c9b4a75d93d16ad19ee225c2f47e55c4c738a350b8ec29e9ba64daaf82e2b82a45afcfe91e49acf449349a49249349a4d3fb23c8686fcbb348189aa269a78c1d19ae73445178966914675323d8db93a187a449ae49f25e3548abe2f3564d6698f1cf267e1cec4e8994f84cbeacc692634a9e1ae302ac106a888f02e4c423558e1040a8b810a89f3d13c31597ce7c134ec46a2618cd54fe692259ed08d89e5169b6b925483fbaaa32386a9bf0c18e0b9da902ff2a78cf09a4f1858170cb75999524946b17110c4688aaa41158e5ba21708a6291fbe11cd67c490911fae1aa299acf19e124db84d278faa3e0c4e3c20a535866885a515de288c1b35e2dd35c157645354d52290470822b15f9c228a93c55668eac744f8bac93c5d26934d8689b77229ee343b382f7b09107c170b78170d0a888229045208bd1222906aab9410212208f037c5719ab7e3fbc374ea90cf64cbd8a9045111c354d116f02421088a4102441041041144ae41145c50421aa31f9267c3359e0c9f0688d3b2a5df2e11c519440f9e046aa8545c20823847346c4b5180cb13466c9249e327e4926924f47c2491935eb84f7e2fcc29fc5e1aafaa2374df8d09d51e083bac088e8822e2cd36940e36374fffda000c0301000200030000001091a8c84cf90354397ac9b4ff00fdadcda317d7bcb89e3962b2fb6fa997ec1fff00e0b2db22cba2c688931c1f422b92bc0330f41a1f419bef3ea8ae49a2924a298200c2dbff00a09a07c33f7e0e1e0ff5a2182949ac72eb412d8f7163d35eb5b62eb5f6aaa7b31633e31dff0056ae37cf7e304bd3ac6cbaafefdffbbf74fa187534c33f7aef9df6cfa9316057b5cfc1b4df851c47734b3c50e3b689a198ed22f334cf29b5b1df0e32d3fcb2ebb43e80c6f5076106653406081000101967bab8c0f7bffac9658f1dd15696aba5fb4e2baae8ab88220826720385551250b3092243d12d5a7bd75d7dfa67d2c6ca7714d04e3f2f2c3aa9aaccf346fa36b97db49440d8c1a7de2188e9b7ef80b8b73d8225c9a1311405ff000bf5d606b3afdced51455d6d42a9e7ae2f85e2e7ba29099b3db4f34869b29b612c9012029bf579d475f46ff651e59b3b1ca61eec441002e4a7bb64ff00af39ef2eb9f5f7514810f198efbf8c1d9b82e7dd49d0b6d590d841d6ce20d380a28b87a78cbbc71e35ebeff56915705166fedfcd9249d7357ad8a879949341df5c38f087eef9e5ae792fcbacff00f72db7d75753656532ddf19d015e644d3556e106dfa9441066e20d2cea6baa6ae3b6e821f3ac348956108536257c0fb2e9875346b7104fec1051b8916238faaef9fe7161c31c7b6392cb1773874e3ea072d9745f45812e5116166167af59652b9ac69c4d55db71c6965dd6845ddfef7dc657656dc0f38f64639ff1942651aee113050799aa15d36d96d66d271685b7036b4e3e71551973b8f7fb233dfd474ec515bc14e0e7af46100d57646597d14ee0da45499951559571c5c18af7739acbe38e5c8a931854e33848fa873b1f1cfa828bdc0dbfde13dc1a554713544b667929ea0a9b645bc86ab7ac778a58e121216a8649ea955454bf1cb0b9375b4945b0a6d61a92c7f98aa1eef2da09de2357e41d9b8a18e70a94d73a5bedbe349f551494c85bae6888e15348e7e0544e89f5d24b711902cb2f98e1b86f66ad8ed4094956de719634a625debea78e247468455b0da8b00eaba94e1cd0d749f4f9ed5aeec0379261c7f624226911d96913045048e11155b41b09062939319af71e3bff00f0068ae15141d59a7965df662a509204036c3a1b51761c4c1512280d9e433cf0e7fc257dfb2e29c6d84506b1e657a89008e59b4799d3e7955dd79c789f12259ffadff13c05a675823d6665051df96b891aabeb0a3b6379065841d55678d0dda03a36cfae5e01ce27aa2860a56f1551889170ab4faae124e3d2db61b515415123bc32a4ff004a723b743500193abaa82c932690e2c98fb4bf0931315f65165455a79b56a1721b2f3b5f9f0dd388a8bccb238ef89632f1684089fe45458c7d67da65461b68eb8453dd70ec9bcc9bcea28015d5aac9e7ba48b0d6dfef6f54e708889171d6d149d51688b165d211752bc060f6146cb13b2b9e3a2c82aa6fea192cb3f9eb91371f554490691c5639859b681b719cda12e397599e78eb963be2beabfe0e9d39ea9dd469551e4d769e6434f1b2941e365074c0031d793922bafaa892dba39e6beac3d8f26dd7934564db490454d436143f42dbc5926775c4feb6cb71a208228a5b259e9a6b99b75665d51a7dd70661c19c03a73e0f8e43ed0490efc82d23ebe986592a9608bbb6988519a6d47d27dbdc67103f083ffe0c133917869609aac34969b629afa6ea6882cca9b1d28e4145504189af71413c93bb794cd31f098ffbc7b8a5b2c828ba2aee96792694b3d24841d355a652ce2ced695d25e5f2b82f8fe3974f77ae69eeb648eeb28a2eba8ba048561305d555690efc50a91abd3668450bef628fff00d3c921ae8aa0ba1867ba8b67be3946ea81ca872de7ff00b3e2682d186b4ee441a625c71cff008ea8aebab866929ba78af9a19b366b62034b02a9debdfbb2b8a98121f7998faf77e3e860bf10c334114204204cdb7cdf334e3a23908b0beb38c5ab4c19d718436a37e3210a78c2f2eea9699659f2ff007694bf8285e2f09fef8d8e03e082c0d3d53638ebf39419e3986982db67a69879fb9c75f35558509f86e3fa4d1c0fbf929916752bbfd7a4173076bc866aa793bdf4fbcc78cb2fe8152788d4488e0b6c73daf8ca5519aaab75d1188000380e33fb6fb6c77eb9d3d96c1c749df3b17a981ef9fa48e229eabb5904c31450cd16e848c7ad3bf75a618ec28f55b6584515c1600591e6ab854104589823c314138410cfefb8ffc4002111000300020203010101010000000000000001111021203130415140617150ffda0008010301013f10e14a520a8950d3445048b95213f174277c379357046d112eb95345e023f0f4277cd03a17778f624970841e88fd1b271be2e9f9940ce9c273b7a26579daa37af2b45d1585e1a4fb8a4fc49ec4ef14723668842f252b62539d36c9c2f2ff004e9f1a5b5c43dd22a413be1dfc2b5da2d3bf0764c566f1a344442172d0dae3eee5b8a89c128973a89110ff0044dd1d73ef1d938c2b13e5d178a787f435048b9db6f2878d41bc4e549c61084215ae4b4e71589ba6cc4516f7c12be10563adfea7b1b095225d95098d9e9101b1fce29ef2d11ee781fe47a745b1b9a595c177c2e68f4377c37877f81aa37ae2b90d88782bd78571eff0d1e98bc126ca189886f1456717c2d170ef3515e2109e4252b14d960cd1594d612f7c5b165bf5c7bd62fc252227e23d8b10ebe485c1f06e08596746dd938b459df8d1d3876c6dc43e49f159f8c2cdf6c4a2082081bfa1b2ef3d6bc2c4741e34468a8bbbcd65f26758b3c373668e89d5570a370d4d3786f9bc3e8f62c3fa1e90b4b9acb165e847bc2122ccf68a23e5a61d0be143eb130751f35c167a63de12f0eca8f53e1043746d094e6b63c74ca76f01707c1e1e137c5090631751e1a0db62bd9b38bae7df07ca6a8dcd6b62cb1658951096c6a1efca219b0a151bf62490fe41ede5286f9219782ccb9decf03d8886b2febc6dc3dcf2f39be8585c97799454e7df62565eba3f13db48932b7992d08ec2e486abcaf10c5b7e07f309eef06a9671587a63e85c165f53cbea1894e2dfacafa3d8fbe3151a9c1778ec2e843eeca561a883462777e364956536c5f736e1b82586fd0b0fb171a6d1d650d6c5997792572d5e089e058426c7313dbe0fe9fc091d0be8b6ee56df3506223284491d8f67ac7b3caad3a8fe83dedf1bf0744a0dc3b1fccb7e28889890e99ec7d0bebced1fa116843fe0e3ea360fe189dec93944b0bee76d111f91a1377f091d30d189db2d53a197796ee8ee3efcd55509a7e1e85def02d28c91a0d796ee90b5867bdf81cd2fc5d2c04b1a384107f06d92658b117e1ebf137b4706f109c3d89569726cdb129e3fe791a21eaccb48a6de2138b6468b57ce3b6253cad0bc6db86c989e90d92f637ca9d80d548bf23fbe3ee51b41d15236c4b8d3b26a76c86dfe666dfc11e124798888b8a52e63b1177f9e4834d39845f62660fec7f61a07f033d8ac4f0e84a21e099f484eec4bece817ea8682162707ae1b0d46363df5f852a230ff00057f0afe15fc2bf85c20b72910955859107451fc614cfb625342fbc2c44bcdfeb0822f1b436bbcfa4355e27458dbd09a1fee6a6d09d168868e709e39fb5eb78514eabff3128274c6aa13fe1df0a51d9feaffc4002111000300020203010101010000000000000001111020213130415140506171ffda0008010201013f10c2c4ca5637053e5901b3f05fc5d93ce915192656fb1eb08c84c95f87b1a9e6a1d8f487436deb7157b382f9fbf3374487de67d2f8293f0a706bc905f670f12ccfc698d4d5b2d925c98d9f921c21bbbcd6137ed6b53e190d127246c353c3c7d227d3381d785e78c738a5c4ca635bc12a3546e0deee06cc6f0e9ce78d7af052136ef698fa13a357bb658b7b123a2ebd137a529777ceaf145c21907c71a37344ab8250bf926a9c1ac370adf4463424bb63744a8b57ccbe1087f866173c104bdbcb7347d6bdb0be84bcbd7e0435abf8d0b090cec43c087af5bcf1ae56ba883fe0c625972f1aad241e9d66338c5294be32708c31d8be8822c261bf5aa43cafa3d171ce27d2c2b29c7e127c1db145c6ed689693d61e51d952e8bad84bd78d9db45c212e2b178cf2bee1e61c145656509c49ec4d3eb3df39eb65d8cec2c2ec6e4f53c45b2cb4c762e03534852131f184b7431764b86547d8b967bf110f287a3579f4b2bcad2e3dc76273e25de82ec5e221e7b63d61eb21ed5a251282563777e858ed97e20bbdde8b45a3f1aa743411784a8a21cf471e5efd68997e6780f9704ca1e50dc1fc89ddf60d40e1c67f81ba257e45c2b978122d98bb18f0879b0a61fd783e962fbca7b178923d0b29777c64f67a5abc0dde5229e35c26f469b9be71d3c048fca95890fc0b0d7135935785d0b87a9e57df953d88b754bde588f5ad427747d169d07d9d0ef32dd3123c25449e349b7041e6612a378595d6d0e189dcbe84ea3c9d326e6532c5b4fc0f09ba635f9a2f842ecf85bb0219510305b83a0fa3de3d5e587c3112e3ad60b130b288790f19dac1763f9f332b45ae42190fe048116a878b06f5e9565d7cadc4fc45d944a87e669d879eb28ea2ebcd0706f97e15d90c4e6e962610b32651e97e05c67e2eca0990955c213543d67f853fc4a84a12cdd3d0dc576870bf42559db35ec5e0213a4235e86efe95e05f78bf2c4b096d0838122147e45e3e8412d14129c2da1d1791d229c2fcc92375e1e6b59984cdb815f5f9e8a70d51b07f03516514225f4225c2213090f912c345d8d037f43777fc21c3d3ae44ea1217d86fe04232108be917d222108568d1d13aaac3f828a28a0816235f45bc8feb0f5f3e6a52b2f8e8e1e92d3f12812893d94e57ee4ef0c907e412abfcc5cf18606a39fcc6e8fcb42f37f9af075fd5ffc4002710010002020202020202030101000000000100112131415161718191a1b110c1d1e1f0f120ffda0008010100013f10eab0c4bccc88ae338234de7e6256033ea514e372eb25cbc6b8dc5cd620dd06a26f0fe62fd4759cfb839610b78cb119e3441236b01b69e7102f03cb19437f1a8ee10788bda1d995aefdb3206151bc9bdc38bf7a9cb9855147c5c6a989c675bb8a8d4a6f5170e125f79c64b96b40fe60ee3aef44c56861dd3dc30a6fcf1018283c4c16597a861ff530786f304add79986b3e619bb8e00403d9ea672812c563982adb70ac17c107fc258efea261afcc1c0bb96edf70e6eb267ccbe1bb3986031f98abfe274f507155a67a8738ae20f044a39dc5803a864715fb83bce60d988a5f1ec21b9c70654abd309d6077513abf5050c71dc3e906eeb17f72f557c750e8b750be3e253fd09da8f982d752f43f98ab58978a16ef9fe04f394c665fb3e25d175b639771f1a8672e197b131736b5dc5af0e65a788743c662a0efcce9772eb9b839c5c54ef3b88c5dcb781b6a0400b5d4b09c8cb1dd8394c466d980aa32b38bb775c4a281471530f0799673f72cb318fdc5c9c41ac054c39fee7782735ff1050c7fecb3dfb9405dbd1b83c5ecdc2536ee605502a578e209557822956b64de047da31e0b1ee5b37bf31f2e750df52eaac7d41a51c71075706bbee73cdf13237e3714f19c5cafc62e69dd1b60995af7171fea7234916b9d4bc8f536c6711e3367c41a8390d7a8b05eb8cc31cde772f8b2e0bcee5d633b839e6e68dfdc30f532078d415e74c6a52ef0c6a8f4c6c6cee1954ba5bbf5b88bedc710d97ff616e31f9941efcc58c7e660bb3cb0b99fa9a1cfccf483695961ba38e6e1ab330c1d51cb2c0cde5f994968d9ee2e2f8f11718fcc17dea2ede0c622d18957cd13c188eaaf70319fdc12bc7dc1c7a961aa84c7119d6d6115b06072b16a2ba13693e89b8ab5296c5e353581e22e0a95b2639fcc11d6dc4c9afb9aafea6dc5577303acc7083567995dde6641ea0fc7ccee67e8792c3cf7314f398fcd1dcb0cac29c65c4052c3dd453bc7897fe330dd6bfb9c6fe6075ed27e252bd730ddb9c7334d7263d4baeae69dee5e430c1acf307156bcb0bde60e1f1d4bbc3e63d5674ac1c0b33cb0c4558b6628fea206055de65b6b89a077f307778f32eb032c4838be3b865b9b658958fc4581e2f77325c0aaf24ac949ccb6c6efdc2c5b1f98b7aa83ce7dc1053b86bfab82bb9c977079c7cf30005be60df57d415ddb517926556bd75070d454abf996604165d39adcd73acd4bcb5c723172469c239c886dc63a8598dc32d62982bbe61d57b6a0f04a00e59fe1c0e08200008e2f96b7d40daeab410aaf6626d9b49cd51294f5dc30f9f7171cee5f3c3dcb6bd31e3fea967fa94bbc79c10a05d3d4e2f484bf829bb852603c4e45bbc11429f6dc72a45798072fde664c7db006994ccc15f64a1b06b139d2d31b405e20deff0030bc40eb8975fb99fccb0eff00316b61b9d3ccba6b9ccbc32dfbdc463375fa988af9bc711abc19d5cdedaf99782bf700ea2ef3129e6b896d65165e684af5a987c4170ee14db734971054cd9e6095bd41a5d7a82d6bf1078bb766278c74c1a82352ea4fe7506f9770b734ea0d34dd1c106dcc1c54bfba81540cc2c5955e21f0966b4f50c70dcc5d22fc7a9c5e2e7837cc4b15b82a7982b9d5f717692d5d971b3c44ce35fc5b79d1de6e6cb35ee6b69731f12e3c15188196154a5e7ccb18d4ded4110c043b5e63bff306dd551772ce1e3107f3e67c7e65e314ac15c9a83da3d442d68b7304575ef351abd1dc00e00dcaab3139a39dc6f9214d2e650f07ba89ca15e270b981e173c4a69b1dca1d11009c40f25f11aafeae02b09e88333fb62561b1ea08cc3412fbccb1efee71ce2598c9d54b1f3173fd432ed82e1aa969f7307fcc359fccdb97ccc2b2c56d9a836acba37cea09d8b8393ff30569a63e8977a5fa82ee0e0de60312d28bcb2cddc14c930f50e096959c9c10715cd7305ae2989c60a20b5dfa961592286fd5cb2b7f241fb86d8fb835ae3e6192f5b8e00c16aee719f789b17f71a7985332de6d8e7e58986b51fa7b98cf88ba6c2646ee2c3e2396f30dda6a737b94da65fc13bcd7f728e9f4c37bc1e7cce6a78d5c68a7f04d75392ccfe60f5aab9a73ae2296295cc6b0adad006cbfb8b7aa23931a266b3b97baa838f32ecad1ea0af1cdce71a8b6bd4b5e207999adde7501360f1105da10a6dd0046f1e430bb21b85d51d2433845a378855dddc71cd3b878986f38d45fabe25bdb4ea2877707c38d4306d9df75068837439f5170045039a3a818c818db2f363addc5e3885ef8f707d7f9839becea78ac798b2cdd1553afc4ce73570754dc15d36d66185e7e27a54b4d3792503f894ece36772ce1fcc32f5df729a7ee1a174415b571bd6e14cbf712cdc1cd993ee596986dd333685a94e67bdcbcdd62236e35e665bab7dce294adcdde5dccba9b352e9c7cc53d635dc78ec310d2ff00536c7e2b825ca36dc0697e22a6e64d9ac41386dadf72e8dafea1e205f26e180e20fc7a82af2b50cb3381954684d0c1e152c5bffc2551ba3c6a565afc4077bc412e9735b8a6452750e8b975fa25179f996d6b11c0ed3b8565bf098b3dfe624a16f2f32ec53b861f24ba0b333277c086e363e45659549f506f29612f7d4bc975bc429496de4fa976639975e1f3326f5f982aefd4bcd9492ece318850d313afb65638b772dad6499bf3ea1828d6e64728f21899359ac4d0f10b1b6afc6e5fdb9825bd9318d54129d9e22e2e528c441e5647c25e8899b230084284b9a17bf5169be272ea6e0e58c306c42ccc59dcceab7a9f9e5e2bf13184ef105dea793c62a738d7821e69a9796f517ad46c74c5b5bd4bc9ab8fa2b3f70bbc638dc6eeb71acd7fec2a00a625da577cca86f2ca1e788411b4b5816d0172a9afccc877fdce0b8deeafdb391a71d1331dbcb2fdd6fdcf694df89bd33658510bba65eeb150f8cc1bbd9fd44d4b14edc4d9afa8617a6e0e007b97d0f9b4c5ec057da0512fbfc433ee6b1be00c432e90dfcc6306795e65d00ee6eef0438bc92b07f705bcd77385abf10af25ea7ba09ace7e65aeeebdc1cdf3ea2a9ca40597aae614f4433b2fa9b4accbe2629bfa9f1f996de5d712fb9c578dc6b86fa99ba4c75539834ecb967a837929ccbc5dbe65d6cd73cc1761886899e184c553532d9ea706357bf2c28d155fa83d6fc42863ea0a158b60d6433d4459bf531697475180a6f188b171f3cc4ff00ae0b1e85dcfb59f32f2cb715ecb96f9227c2bcb395fdc36d46d5716b39f98592c7ee71b32827280f4d79963c0f350e7766711c78b620ef471141f3dbc139516d732ea86efdf117bc4d5307552f082c7b98a6dccbc62b7a838bbb86476f538c66a6fc3704a7318f8770470b3cba814e3b8aff00ab865028d7e66db568ab40aed61bd27f707f706adc799601f58e65db96fcf897797a984c7ee2ea9f72fe255b7f530caa7c45cd99c6a265b71d4c3d54cb0267588633d4391e20b6ddc7ff0061b24b30f2c12aeaa2f7bfd4cd9e339864c6422e0b87ef895de171733f12e199bdefcc301e65f998ab0abae60b4495f6e798bc9076d15071908221d458ca6659aaabee689c4f94d2e3d470177b89c9ac456cfc45a355172738b85d95a82d09744c87eee0e65b7570035ba992b98b8e9ee53b40b8bafbc5ec2cafb28f706e47c10828c062a0b17ab08bca7dc4b06690a7707e3332f5acce8d3dc32baa3734de19a65d8a3f33234115dd42b174dc0c2f13279250bc1f1348cc34dc107b1e614cf5361e1b8bf44b65cba8e7a4a402300711731598311cded8643ccb69b2fcc12f65dcc65d3072ea5df8f3336229e63419e7c6e5b66aff00510bc57b983389a36cd73825d38710b433e618cd95e6591a2fdc6eb9c712aa8b3e664439f115c31e872417db997dc35d753ae65e347bdcb171fb87ae74f32f178b9815c772e8fec65d88e9c44c3be8b99730306f8cbf89ff00906db9456edf317e60d5f12cbc352c3a977a73ccb031dcf174713dbee6ca9902134efcccae5eefff006796f53883419311340ee5c1c11d7475289d76846057be60bfdcd2d6fd4a2bc771d62e097b5e23528c0dc326b32889787be2740aa46bce6625839863922e3bee0e6644fdcd27012824763af04d603706f59822b7bf300b54bcc5a432b144e3fc1e2631a4e37779b8d72d9030e4a96d1593cc106902e5a36bf8982fb8295d188d68d4bbde6b1121c0860772b356fbea5e6b730bb68336b05b02dea55763d61b2d4736c1b3865e7241c6597b399765aefc431c6a55885660db9c443612cab2ee75f5366d6b1305378f135a6a5d9c4bbe999286484e776a05cae860a839ac32c5979213440f09cf32f2bbf10d2eee3aac5731631af716f2854bff001390bf04a1323bea0dc377cc6c37fdc5c67d41c31c1e2fadc0340b173bc4bab4b82de202eea652e82378389503c70400147d4e6bf51c77d435bc32cedaf32f8ad92de75ef70a29552b56627dcb1c772eb8df44770a1d7ea62ebacc738a9cde266eee7347fe40c9a7e67d0ec897bcf0d4bf77516b64100d293b93d4b01b78ea56c4b95f1163c6fb8dd0d7d7117cf04a5e33c6a09599d54ca1756732f82e59b2d63667ac4b35cbd441c79a9946aba8d5038f31016b1db1aa45eda882ee7ae2000001e2604e218aafc4ceb1f1c43a4ad1710016cb39993287b88efdd7297fba53d7dccd8a3714387f9825618b7dfc4b28a2fe25bcfdb1b77b8b3f3cc5174fe60b9c1980e1a1a798918ce20e9a9dd4a64fa8ac13379b9abff30db198b607305783730c9860d306cce0f3fc6359392110c8c75aceea1ef3c45bb1a4e08b798b535ee5892ead7d4b346886e0c190ee24531e8fcc4b36634445db8b8d7394834e39085e2fe22a750c21fa9b3df9e636fbee3a27ccb373a3a619aafdea52d237ebcc4a2f37d43c11790086812dcc731dcbce0f10cbf9603b0bf133bb76b2f1997debc137bb9c159e333ee657df3073d473af7ee5abd57e2066df51d2562e184bfc472d884cf2fe25406ffa82a3af8350000aad4319ee585f9fc470e370cc443d815ed81943f79836d2bc4399fcc1af0bed82c70d4169a4dd63551d63ea53802b74c1e4699f4f9229c09bc4d1c8c6667d0f83002837d113392a0de0ac4182e0a246465a1e99e59f131f620793789c16df88b9fee142ad62d34375d3393b8b7dd5660114318bf10159970e7d889e2e4822eeee61cc6afe665b8e7e23dce68c4ae873fa95d791962550d04caa5b2cea8398872b3d44031aea5eecc334987331796b30c5d2fdcba0ae33f32eb73698b7b8f0af99bc173fcc20379fb82fd44b5aaafa808074b966f91352ad94eea244e39b32a2d4e0446c3c98c5af863b92df8986656d7999afd4be799bb31ea026cfa672fea0e39c710788dd1777598383bf732ca01818f30367e228156bb8e7806e30e0bacaee68a9655e79825aebe635d2d100581d1b9c22b98452a43b5877982ca4e29b8b0b5f0c2cfce96e995f5092962e3157ccb05c6a1782f7b9bb715ccd1dd1317fee099b6398059afc419916d208b427199e0e62dcb17fc44b06c78a8c28be0932c586a5b5298c241a319214b5ca69c012f4979ba286b71c158e2a1e16a72101f580e8f88909e90a462f9dc539c12f598be996b1016ec8af9580a6f6a2239d7536500eb021541a8e735f242eda95d37ce671cd7e67fd704cdc112279c3e21bde59ae0ff3368e7dcc9fdb0e55921f5cd02ea6400aa3b7e65e2a3cd03039a02885da18dad4e123f0c4692e0524cee897a7aee38c40d269209a2ced63ae289da77ac45de819507c7964b05f89c60b7789a510b6756dc53186bb8ad6e7877dcb73c258944aed660730502a04bd8ee29e097d0f18c32fc0269427461a9902f506947dc75996b2cf35073bccd0843dc16e5e6a12f4ded20783d306f0b50ad1a87f5355cd46dd3a944cdbe238df37232f20ce1e21668218a815187cea2245ad4207166ee2b170117a80acb8e60e3105fbe0d41c637128fc4e2921b86eae195a42713862cc4a8c226c8b71659399569e62509b8ab97318826100c1cc00a3550eab3fdc75581c5cd9bf301f4f98d67389eb8dcbc67410afb9e0f51208472dcafc4159707ea000052a33e91e3959465ed8607f9802f1772c39c6f2cbd62eab55989ac6ea582545983ee096003d731e5f1293eff90c7c7738c152979312f52f37538a8e909a005562217cca60c53c41cdd5810df6771c39a9b1ee3ff54254a08d59434fed86b0d350a1e2314be04aa94d35dccd07b82d9dc3c6ae566bb97ba8a5ff00b9797cf9838725fb88ff0099998a22542b32dc8ce886a5954deb1dc03783bb217d1cc031fe52c7adcb8674fe66dcf30535bdcd977323155e61ff003d4efbe5a986715295643bc44c3b6a09d7e60f599781cdb15d5bb978f24576b37854f89e4cbea60352cb958e6749d73019b389eb1642c86aef88ac655ff18f0cb8252672c785dc1d5c70eab3737b752eaffb60e56b1a389c9fe66f79cc766af72eaeff00e2075a88ef99899fcc5b453538bf5ea00770030040aaa8e68b8aad3f52daf5f09dc2979a792232e81bbcc360ba0e2f88b606dbe1d115d56a2d837529a1c78972e8b690d0030fb863cd752f06333b730d2cb68eb50e6aee7024715657a9b479626b763ee560d1d4405f066e5034ef336e5cdc5cce1441ab4433a8b9cd7732cd92a5e2fcc40e3398a68dc5534d1c914cdbf131be59898ed1bb24e4da16ae3894b41bdea710dca47b2350b0a81c773016c15a21ab487b2a5b8cfcc1e7772f254bab78839b6e039cb5d9294adcea5e13506ef159e76432e7885f5adce55f13540773ade270f7e215bc31479c89c33518450b49e7f8f1337ba88a88583f8b4354660811665f07a8736d3300ddb43980b32b8e09742f3596629ea3d1c41d14fcc2bb862af10e5f136f1df6f88004a80620630a47442f5bfe0605b0577987ca1e60de0185f2c74866d43fb8bffb713c9d1b4bb6fc6331a02e5d67704b6636d45bd608b777730d5434a62f98642f9979e2ee2de2f13419d1ee50533b7dcca2af8e60ba2b88e61141e897cdbea1f37172d3898264dcc941c4e4242cbab7bae607183fcca340f998a10a9b5936a375e22ffecbae91a6e8fc40a76799bb05cb0955729563579895bbcc66c29f94b30c7654be2bfccc36b65de0119aba672863cccf0d41a085d92f178b987aa16edce33c4c058c5dadfd4307c4b33bafdcdb42b051c5389b7357b8e77678806792a2da41f4bb95538814399ee23d60b3ee6030fbfea534772ebf096d5f114b757a9a2ebee36966aa743e09bde58bac435e6060d6fb8a780c12be7d8e1de09ce3998e77d4cb6c4bce016e32bb5382105028bb8a999515cbb805dfa8d403e4e581d0b79588d63353141f96706ea037869dcad30c97c6e0d2c5d8dd41b35738f29c12ad282e0e7f100735024195e845bdbbd7010c177f245dbcb92e2af17ed83c660e71c72ceaf898b7b23457306aa630bb8eb2d44d934aee603ba9a71a8a5f9c12ec28ac4bad7769d436d73dce45bee6cd26a68ce19555d4bd5f3a9f961bbe7dcf2bc6a58d59afdc194f93517775e234c5993514e189d7ea5ea69c90d0985ef8d3b9fb44565cf98816399d43079e62e0f30d32e7cc12c69d36b625826982f3f52dce3e3f8116704ee5598280ebdc1c7f7086f3398e08be0a2e7bdeb53216150d890d79ea0ab55773cea190a21bde7e25878deef9494181ea2e837b1962f6799a6f1359796e5c7ce20bb3f334794a174ea63e11ca064e5dbc4c69c4670afd41ef4f70dd8cc38cca52f3889f5d41ceee2adc33e234789bf112a8b84ae89bf99aa5ec69cc2ef7cc339ac7a9865f9a995c7d4a5d6fa98c6ea0d63fb8dd7f89b33b9d676c12cc55f17b9cd798e397d4d19753ce198b0c11685c42d31c712fa660d8750284ccb397f72fccb386e1d2ce62d67f12fab609761af31b5b83f844c032f5d4b030c3166ad5987fc5c2cf702c194bb96af63005f1c9728d389b7d608dfc31a63708ca8532f51c0e705a2efc5562925416cb5884c8d1ac2b131b2d1b05aee224c4799bc10d83b6698d4addb14bda368d8e821d02197df30ce7ec8f5ff7b976f550d590d35752a0c39b85ad947b35043002f9adcba2b3736579c47a3e7b9c677dca6a3a23b514d810190f2c4fcfb7cb294d188a59cf15d44e39eee610d7cb1a7e799971f882db1ba2b3c4eb243a8f4b5e663716ac3e59b30f7e202ae1f52800b5057729e17678f12f78a65de814976fe25de5fed98392bb839c3bfc4513ccb7910100b341325ab7a38835bc4bc063fccc8095384b7e20e2ff0072f3fe65e70ce310d55e3705baad4bc77c4acbcbd4d8c1ceb50a6ccf88b8b22de585f35170dcbc584bc2dcf73798505c2ab0cbf387a8e704b1b31e657b0e998c5dc5cefc4d7cf500e0d772bbe5a162e8dd7fb6239af2d6e134018a208ac37721c67c459d0597b80bb9d987d44ef10f2b2f70e3281cc6c960fb9887071ee6b0d5cc3aff00d8fcee1a3592179b0ad33ebe60bee0ceaa2e5028f1594e0e8dcac7e560ae054cbce62863f339a0b1849ab85e8f1d450db272b2c4e6baa96ae42a58ed6a1932658186e18fa8e1cfe214faeaa6752a828aee027c4379df32ecf514c0fb985bbae256398163c36134cf9c5c051fb9e41dc7175f643486d2bee006dc4712c72a4c5065fb879abcc06ecd9073b9ff00951776d12fe678668c6a5e1a7fcc6c61750addd4ba35e3706ca8f0d73068c99dc5cd1cee0d18d751a3d1b9aabfa8bf758869deb12f29aea5bc5d6e5dd69f8940e2e5e55ee64cb329bdc20c61d933066b98273f317eaf2df37710e79664f032815c9d442abc7310fbee197161fb8db4e3cc27d4f63c947af51d72a93f0fa8f7f131e47b65ab3f71d8c442b78e257299ca03c81fb216eb52dd70caade3f3359e65e90f9b9843de260d8661a86293e599188b59d4d9cc1bae7996103613ecc66d0686a1742b72ec638a0d3378e25db5cf72b57fee73db36055cf7dcfc9fa98c7351b2f570ecc4a4a39ea556ece634529f886b199eff00117ecdc1acf10b219f7165c6e0f9cf989b98c54b5adf46ae5415d4375599a4a5fa9c8c140ee0b3d3a8d2971a7820e4cfc4b2b8ad5c719ee1ba52b98a7b8e5e21aaacc4c23bfdcc2d9197590ffc97dfca59f3ee1d841c30ebadcb70772ca6eed9876266e8bc4bc1441f2cd6529dc5c3819765977e25b01e5cf69651aaea1f2bd4f6c6a9bfccec96e0cbb8104dd853c9331507e224ccb8e137c18839267b86a1d730df7a8601c6a36af8fcca0b51e48ec2d67f3317967bfb95769eb108398f5b68be26ab94afe204bee2696ea1a925a9a8f868f7fa886c329958f26a5f5cf70e4606d9aaa673572b3963615a4976e0fb969c6be25bebe6613c7ea287ae6158dfb825a5f7048b5bf3062ac03537799ce30c78fd30c5e30c5c65df153f7042f8cca17c712f268fcc7d60724696983f137bcfa9cbf999bacd7506cbd56ae735752f2e770ce3102b598371c79a9657822b635632dd4c5e259c7e2766df1170ab138e1bd4d2e32e25f21c479b0f73873e26f1a85567315381a88c600fee394c33c4b717f982673536ce46586977a96066c8148b261a8a8ce48068338cc4c999e4253c2e22534e710697199a070f2840051499591f5c6f68f923cbce0d09bf7141a00235c5f99dafee39ac4357306e82e7efd45295c12f068f3380dfa8e97a8356e426941b7fb96741350d3fa9819af706fa6ad9f844971630afcb3151551caefea59471efb942e8ff0012ed6bac412fa255dc64a2529bc24042b50c3ff662577ea1580e6058d6a0b5c611583ea35df108b569818bcfb9a3ccd2a2d98fdc33cdb3450c28f350bd1984dbf477099d7435e65e31ea14de752fa2dad5c3bfbb97ff00b16f2bf70a379a987d56a6d7c4d189e74435c7883ff7506eaaaa5e0e5e6566f70d4cf58afa8398e7b457ac46bdf52f3c2413cea2d9c4778bea58d352f18c7e62e324d391977cbe2177778f314cbcd429befdcaf163a4abb10980a36388394fa655057c9d4c0e6fb8174e56500c35f88db5e8885d52ed250c531d0ae800f98bd71975bd4690f42a4623f12efc262c9620712ec7f132d6698d2b34cb896c76627cc6185a862bc6fc425925235e589c15db87a097597bd4ba7d4eafb8b7818263835dcd05f9c4bbca6a7b2e20b2e4d45056a1084f134a9c4d3430339c92bac4cb55e63281c4046d18539cf52ef2f71d8e7550c3af841430d5ca6f1295aff7346a1633fcce1040c9557ea365de5f134c99e67de5868c626ba1dd4e0c66570a134e7e20e715ce6595dda58a6aa56b661ee5cd5283772995d541ac6e535752a423c1ea2e4b6fd4735f48385d27ee393cf52eccd5f8978aea365663c32c5e3999c596c6ff00f60a1e1e2a297cc335b3c5cd398358a2a05b65af98aa89c751fc6c3cf14ea7dca7378cc785e0e622eda665db6f51158e0bae228df531b46e6d8cb1070ee15c1800d9c32d9be7ccc76ca4a318ba79e56505e998ce90e25b7c101c2cf1f89e6e0d37cf982b2cce9e51a335af32c7f388d8e7e025e2ca27ac4f4c3887152cf72c52f7d4464db2c3f50d414ad6a653cfb8e35981acc1e9ab81f403b8da2b2999c8e39839b9f3f04bccd732cf18751ae1c13cc24401db01613e4f338d955729ab2677b97966ac31385ddcb073ee0b55a956ac33c6a56b22bb65236841d6f9260fa4c29bf4b652f57c5c05b835c770ae201ce35016f07a862aee62f3fd4ac5e1e209435e62a70e398f7f2c15de597e6e3afcdb2b263dd4bc0ae3dcf7bd90c6f67170d677fa96e08bb76c6eebfe203295177f52e2f4fe596c17ff006274511ce5312b34ccd771acdd77132faa9bf0e9732f8abd905ab3dc5f46bcc0869ff0128074cd4ab04aa728a374eaca82b4dbc4b5b5a8ec2f3cf88e56cbee1bcfe2597b9adc51ede5ea08066f2cbc786096bc9dc4c72fadcbe41b98b7172de8dc1cf895a351417ccb793c40e6d3d44f1454cefcf139de23c64a9ce71fd4592e3170545906832ff52e1cf3c4c55ed98a6b8812b18c4f1c900759258b6846db5677b81415aa9a3b8a19bcd732dfc60ee20da1e196d9af04cba84cb20ea608e5b6516d1fa9ce3092cb7102f15f707b25752eca238a1d3dcacc5303821c69638a56a2de5f73ad7b98140d30ebe6a79e197774ddcc0fb96d632cbc61e6523e1c62739bb983f370d8770cb7517831ccf29cec9cfee607e7501d866bf9814494363074db1a4fcb516db3882d2f3e2585e0afcc064b2cbd63c426d5e606451b5d54eb7e0ac1f2ca65679a9023c9959808156d6ccba014e8c600eef098e79aaa67ae6c0b22605f2f1ea2e1ac6621c553fdcdbdbe220dd6dc3437cacf7f57179bf12f4cdcc11a6ee2d2b3c4706707bdcf19e21c4a4ff104f5e22e6b99b73a8d9c6e563a999f0ec41455804375736fd4c0ad92c7c799fe20fdce312efc6364c5671137386dfd4323a152d3d4b0b3f7707b55e3b886a3b60d5ae54ea02601a4a3459e9819756f3995dee098769d18039bb6d9b2caea673c4bbd6fdc778c9ce6563a8f6554c37551df0fccdbfee1e7f31d97996c83bacc5e3896bccb4b038d4e3ac45d66fcb1c34fc4463c458bbfa8a89b8b4453a25df6399871bb97dbe096d7979870f373ccd07c47f30bd398d947aa48b9d1a1bc31d9673e65018bf98b016943b63936b70909c5cf4e8206e76f4ef2cf456997b60734b0e1cc007bcfc4c17f8271aba6011b312b5575505cbf88b1a1c371f06d536a3f4feb353cf50f9d92e342fea51798aeb9ea5efccb0130b18359aa98da32df3ccc9c43e497235882bb655a003b3f534331fddc056edd0798aae4b2b0718580b5c546a8a2237dc775b255d3be618639e63ad63cb2b37a6376e5ed82fc2096a115c2bdbcc3295f33153ae9826fa9a5f0c2955712ef5f32fbfd4cb06f11b2a3e23691e601168950f33fafc4bd55875d436e163d8f8860cf598e0d7d4b329786f7d45c9fb9779d9e666f3f7169f89ae83c4c705f3ee737ddcb0c7dcf5a87273ea14e56ae39bbef170d5d3986accd4d8db2f17e63a7863385bfa60679f311b7372a8cdfbff12c2d162dd91d22e0cc60b6cf0be63ac7d0aebcb37369c93a251955d69e221c7528066d857da390ab1e88b8c9883be7cccd5893abc35028de3ccc6b1510ef98091102f0f300c57b58b751cf39ea3ef1e62d3b7ee5d032f39d42971aeba8d9bb3e60a6dde2a00a997136eb7b865a7328064badb3df51cd6e0b7bb2e5630e7d46ef9aea7d43e2e381a3134a960d1dcd3c6310e9fbb851cd112f94bd60ae66647cc23f19d11d9b3771f12de56a5b9176e20d7fb830cd351c1798612e553bf999792fc41c02530eb5ea58de3d4131b1c4cdab5ca640275711b39df882d1a97557865e313178fc45ceaf9c471afd44da18f1169dff0092594d519ef5050bc54147c338cafcc1aa597e9f12feba9779592f18ee19060b60ed39cd5c2cf71cbc7ee5ebaeaa200f10ceafd0581a73143df3051a7337be641a4e60186ba7e265a2e96d2631e4ac81e08c0a5cdc08dda6a53c4bc28895a3ee16562fa264c5aa9d3b392159fee6dc6e61dfc92abd258f961b2a12d84ba19e4fa83607098e61bc10c62ee71fd4d99e7100b78adf728b0ab398bf08ad560c6e598151719a66f78a895e2ff139e7ccdbc7b9794e0253af2ee3e3043cfc0c081971e21858ec6ea3c6ee5d8567d47b3477336eec0f2c0065575ca59303a430060f131319bc92d8a22652733ea5b3d4eccb115b95ab6cb88e2e155b5fee697932ef4c2b5c9379d91c69e29b9760f7c936115cf302ce2e55be49b51ae6b7365b15a2e61bd42f38cf231c25b7319022abd4c57926f10eba770de6fd4c62e504733019bcdd457b86b64c51d93c09faa15c84e2cddcabb9c3a23b5357e23dd8b798a370ce50db11ca2df85e09a5ba53a384643b4375b5096a7f99b6d945f14fe666f753bfb8e75f333d92b3bca4e8839f31a7505bb7ddc8950c46c1f578837e23938ccbcbd7ee52db7f30dfe52639dd732db19c3d42db3f2c358e239fee3878987c4cedb965d175dc7ab6fe67c4cd6ffd4b23e98e6da4f9838f3dc28ca511d85e661fed035d8ed9719f0a40edabee1354e6003f8f30e620d6bb842532f9ccb041d5933e8993923ea4f7299e02f222ba39ae46259817fb8001f71b1cf1e753e3f31bb39956e75e22a13dc229876857cf1070ce39f307e62b90d786098fc47cafc4c136f2f04c2afe6a0866cfa86cfee5fba39856bf1068ac4bad67ccb79af88b83cf139ec82566bd45555b54c06ca9a1fd4cab5373b8f077eca8bfb8bbbb996c1594aa4cf3989b6a84382f30410a518cf31c2e1957b8b8b05276e8859a88a7436cd18d51f53079ee66c5f88717551ac2f1fa8d079eae01d290abe2785ce23bde66d80866ee01c999a5d39c96989db6ce0f53b6a382b44f1fd6e5386e6f33666156eb8ccaaa79980c5545c87e672894039d4b6b8250cedcce182f7b78960174194836ed83cb3ee1b5bb8064ebdc6ff6a1e09f7720f29860311007cc07302c5c7bf99a1bfa943cc41bdfb8e193e98875eb32e848f32cdcce4d41a8fe0a4887c6bc4bd4ee08a437a540545fd6a34d7d4badf24e6ab1054eb278820b0dba8a18046f57446efccaea33f9cf44a867db1c5673071860da2b1345baf334c7ea7ab834e7f31df49f51e1e608eef3cd4e68f8f33aaccaa1417b8b1c5f3172e2ddb01611762d2f882b415ddb0d859757583cccb7e8959912baea4622618bee21a38b57f7114bb53d711f6e4fc9950fee355e7a9e36434562b73863ee641c12b0dd61ddc1df88de387d4ca83a960ce6f588672c06b9c6a5a1b22fd31e5d3e6349b8e8bac43c99bd4e57588ad7383b8073c7c4eb986bcdf117a33a8d0db589556b6f8982ed44c5a692601cb6fa9d62386bfb9415e3247bdabc97a9e5dfb896416fe20b4c4bfdf05baf980f80004a361932c57564685f416e52304b95660954a7e3d414370dd94dc0ff008986ea9af130d5e4b8d71879251c31fa85218efa82b1e2564dc71dfa892b0e7496c907065b7b46f115af6aa0587ad9b81216b98aeffea8f865f1c7530ecab5d40f376f70d5fa98afee71706b233bdc55435e6598fea5adeaf89b5a9b335fb99be7d41a743168b7446a7acb17d4132f10aacccf6c71063eee7915982730f3787b83ea2a1e6072f5fa8815bf6e69a8c1d7391e23509f788ef06e1d085ecbff0048aaf27a8a55d3e7306dabc7a959434ea3ae09b0b93b8add63b8d7c91f95ee5d9060aa9b5d438be6b1014cb84f551c9589aaa710f9f50076e751d0ddfee72ff89f3058e8e0993987fee62631738d789e338dd91cf47cc53842a503fee3776bee1e9aedb8f5fd434dacbf4543a4a856d9596b22f0704a98dc1ce63b286fcdc708cbb16fb3c4598b80f6e8c4a0f1072306a43a7c7b9ec3dc4c3aef71c3bbe21add4e737314541a1fd4eab1dc4c21da4715441ca639421a6e362d233fa5622a104694a620af2aa5d854582b88c725d1ee6fc8df5e25a636773fc72478b89bbae203798b57cf986eaa7d12d37f398df3f33099b4f72f37e22d03720a0d1881bc7dcb03188355887279b8075a5b5b7911ccb22a5957311f333ff456d1730fb06a9cd198349c0afd4a116d21e209ab58fae602540207012f1cc2eb47d4a7e66cb1fa8e0ef8cc56a93d4ceab798f26b7988dd03a814c1ab0878afa8a95f119bdb591766670357281786254b86b1dcd996717c40b9ba3551efe670f3dc4b6c8abf1c4bc1fe23179c750b657681f2cbc554aada4151767d4721ab8605eab7067d65b99481938043168003c12e9c648a7251d92abc3a20680d272456b6710dba6249cbaec1130c10f3e62b36e62eaff535ec959bb8aeae270cf1295c7d452ab994789547c01b832ef8b641b25b98edea607f570da6b9e23bb79ae61234a881e927466bb8f61c41c3518a65c9c4bbdea3553a4bebe65aacd3dfb858a4682d9a99469885a7de8855ff0031ce21a8f8e988404b1304f77ca46ea0e7808692137430e1b96ac274ecd4435d2b338654ee5178029fb94314c6f654a0e52b99f7e61e11334024b1a8893b95af1e65b583244df2f71d64c704c7fa31cb57342c65bfeb84baca3d8ff8896fb979cdd4ff00ae56ff00eb94533285e2bccc015f98a8d4392f337366b510767d4ad5622b7cca813ad112b1477314abcd4769948dff00ec2d5b60b77c4109b178c15bb7dc0c65530d8fc4ad3cf1322b1570a5995e21f6bd4b49d7b88c95f8f9381d333404a7e5d3289791857c9c54bebe2187ae22a5577dcbbdcc77cea72bb62adfe603e3d99472c45b44d9dacb9f7e751dfc39ee1374abb942c074773141532f641a1fce6755f965b90cfb8b94fc46f9e27ac3cdc4eecef53747334e3e23cfb8d8e3ee2b5b7f02556831886d6aa3a5bc91c38cf1ee0638bdc662e5dcd6f0f67312f8d6e6701db0a94eb98b500287cb1da384fc46dbe732da6827e08cc06f4e0d4c40aa63dae5f79b7ee0eaf7f70d970c2eaefe235af31a5c9aea2d738e20f1fb8e74310aa79e21b8d1dae35a28cb781a20eb18eaa6b500b33440aacef1122fbc4e7040b7ccc3389bec799ad6fb9835750c8e35dcbf8477919671e67357079870fe93cc5efc7305f5714b140f95805e825eeb3285ceaa75ccaa68aaa8a69f88b66d1855475f504006e8ea1f2ac089923c4603bb3bf72be0c418b7af98a12cdf371d53a8dd5fc51040c3ea2a2ae5204e0bcae88dafb58e223b5c63bb9a2bc5c45b56b05b118f7028c7a9655ffc44b78c4f72864dc65834ee2979e188146a1ce655292b7663f52f1e5cc255e38ee20bbaff005382b7e6296828bcc55aa65e50711e90e7757ea3f1f133e60a66480eef0c54e67389487e6a176b55f2d41fc0a43d7f99ba337381772b0f27732edcfea014ca7fc12c50665395d40ef0c6ccc02ddf5338798b9bb77d4b9f5833b4ff00130576ed85e31f71692b8838e8fb8d603f12e67bee6a15a4dac6b110c07dc375e2e670171c147ccbc0f13063a8632ce0ae389c3194622ad4a99b2a06f2622db4fc38d4c60e72e62835cb9f52af7dc719ea5dbc6e2dc476bf100096903fe98aa089b1d91e4294bed77ee20002ece4834f889d6e2b2f9d7997460e6ea07a15a5d4b9aba8ede62ebe3c4c8f3ee50d02b802ee3141f2e2512a58d6a5af897415fa9783bea1af04bf9e98ebe6bdcb358f32bea66d98a53ea0ae15cc622abccb09e1a22a718f999d81bc4f3dacd18dea5e8fea2e393c4575bd137cfccb52df897bbfd4d8dee35862f7f08689326698b917d43ca1fd57c4a8c3350fcfb9ac155cc7b719e2094eb33218cf734cac563ac430e7373787f11d17b98bb7f11c646eb98817d409a2fd3c87b983d8fa86d689aaadcac663a42fe60c7986bfcc2ac4310c5e2580e3cc33ee6de17355fdcbd7dc16bd4f50e1127b0172bbfc6a78bf8664ea8f3309989fd6e601658431a69e2a559ee0d1ea1bb5f31de25823bae22e55c406732ccafc2dbb88e2adc3b80fc2752814fdce33175f151b0bc0f714801957822bf0943cfaf51ae031a8f073e539853c10c2047694db7c26727239635758978ce496db7f8e26ead9d12e5d5eaa72f11c9588d2f3b9bc4ba726b72ec160056b19c6266f1438ee018a312f3dfa9c350d2cb5c92fc60e5961cc725ebe65cbcc2c5830d57aa9ba8d96ac4004dec784805ef36f925c2505abd513030847a4340730d0dca4b3753e253011ce9c4fd3b94fc930fcc05ff339777170d62b99557681df121bd617dab2082550ef970955fe63ac1e2c9be1838bcfc4be1873c4737bfea675bf504795997bfbdc747ca79a3fcc1bafbf8948001ea03f191f18b8004ba475b9d91cee06efb9616e8f32829854be5c4372b1f10302b502d7c7e23ce3f105704b34fe2262ce3198b65300a0a2171eb5abbaea249a09807996540d275da08fafee2c6eaa0240cf008ed1548fc7c401741bccb9b73c012f6ec53afc730df61c01454bdb5840d3ca57be7c711aafea25668f30bffc96876737044a1c314b1315792639398d6f99b6661cf116afa3344cd61d100003882d241cd3ea3031572ef7378ea0229d62a398d06f73869bf32aeeac799c37f52ffe73e522d9071ea6c720ce55503baac7cacb36630c2c033bd4cddf11df3fe6707885019b1ccbcbdc6fd417b637cc06f0d7b94e35ea23225cb7eaca327819500140638a2165a0b5c3fd44a53941b1ae2735b21cabbb279d9164c930ee1faf1386bd4d19861bd1d479fcce82b52bc4758d4b068d1e5852822a66cd8f1058359afa8eba6f8807c5000501f895463f13175d6b12d7d3997acc69af52b463d444de674d6a61dbe22f9c309c0a2d3985be052561f30b97d3e493bf8946c221aa8020d60bf411f6520d9ed2f4cef4620084f43a42407582a5b6d68310b6bec597ab5b5955db15ba2a0f77068bb330f136b5f89cf986a061b7ff006587fa8b8cfc4bbc38be62e8ef11715f31175b8251539cdc7ff62a9ef730ddcec35392b7f55151cb2cdb53b89ac79c46de9cc6b5c475929e489483e02e23d05bbe2d438be58940cc9674ec89c8e398e3388d50b2ac38b94bac7188676e23b7ccf1be60b39f98a9b8e4d240f2f04dda36bdb820702dacc768754e33704a0618e2fb8dadce13eaf9864a73d3002ff99b17afb83820cab8e33acf33d9550710de324ac1cd132383b88c0682b0797a86806eff00a22040a293b98400577680df995c99e2bdc21d69fad30ba815ebdccef4b38cc6fe7a25b782bf13ee194787a95f07894c2473dc7260546b5ea2a04522698f010192b36ba209e73bd424690d16c1f52a9684bc1dc61fb1af12c95e4798c9d60979e2f53ab999aa66b0c722f090bae2a18e759b8bd97d45178997139e3e20767e271bb99bee186be197d7e659ef0667ce2e6d9cf1f12eae8a988eb13395664dc284e22539db16be3a86f432f0d45206338cd622156dddf9214a657ccc947e09a5049765eb8cc1faea0980663858588ce49e793897e3640ffaa162bc988947fe62bccac383a264896af5291c42f2eca9cd434e9cfc445de399e657302bd3a944c6388562f53037886cafcb1f1adc07dc36f17336def98c8f64594dd7476c2e007a79e8f10837bd9536193a8f6668fb732a7198e2fd567333be1fd3392ca6fa89e710d8982562af372fad70131cd751c65f57dc050ee3e3f338d63dc5ba30580909a9e90c0f71ac0a22168408c4ec425ae1ea197198d0e98e70bb2239c5ee2b6a1cafb8acad0a518e6f3f51b05875d4f961efd47546bb8359ee5eeb5e61843b85dd710772effcc74f737e58715ea050d5ce1bc77160e0e3cc5ff150acbf333d8b31d5965b831e39a99ab8386dceaa66b7301efd46298803bc4c3203adadb3c566a68496d1aa8d958abf9869ce2567198b45d5e788e45351c1de3ee19d9f30e239f4c59a8328659ef825d31da168b44798e02f0de2723af319cb8983c27f741c712818c7e26ee89e350098dc1a310d15f12b8fc42cd12b2f706b98b77b8e5818af171bc16ed91c358e2506569b95968b3996b0a4750bf5f70e93201d4d6592bf10bb12b1996eeb72e190aba7e253581f514412bccc9de65b16fb8810783995b2dfb9fe90dc3087996fcabda3a9e223dbf0ed7c648abc317b2e359bc7cc466f99504042f35cc140388bea5193507316f81c44de5a882e3f71f3d4a9d093adcf7cf98778c4f51f17889b63a6aa718750d6a2ff00e5cd66f5162bf0ca8769863fcf296f171c03cc04c3dff063a8e995096a99e3508965171ec4ff0011bae43b85eb9f31ef52ef8f8798af2df88b65b5ea1587d41bb6ecf12f2bb98bcffe463dcc289b9c1c84a413006821e1587c99640b6c86e96526b89473edc420e799c63986b7b839dcac7f71297358d4bed588f4bf6cd870f10a7cfa99d27b8374ca54687a8bb6de7996d7729bc97e66998dae60e633f30c77afa4717e497b161cf4c574b1aaa2eae1c75fb9758fccb36df8218d470b2e52b27ccd650f88ad772c5b54798f99b203ac6e21ac0d29dd750046f76e1c35e26932b8b7fe91367acc21ca4baed99d97b985ddf8f3155e6003303102ce2a1c7733463e667ea7175ea6b73c26efc431b8aa130ce2dcfa850a3dcbc7899bd61835c1e730844f22b4424b46731d2c3d772ad21409ba9aa767307088951e7f5381cc7cca3c2563c4b3c2c6a1829837aa819e65a5333355b6272aab138c159e6056a27341e639208bba09cb22de035887d3e21e5624ee12fba2bc90dd8ab958d0a1e7288e4123b6cf896b78818f3e214de83c4402b316c02f7712c2f5345e253f1739bc14c37c9ea7fc18300546afc25aa35be259aafccc86a3cb43e883d9e219d3d9fe98c3581992e6686d44dd71dcabc39b9aa25527b9bebf528fea19cb963ef0c3be62e2cdbe2673d7dcd38cb1f0c3664cf5291c51d412000ad1c47159cfea233f5171029148ac777398f1297aae632caf489a73ea6f73931921b276c4e89bbbdcfbee724f9fa9c7bf1326e64f31bbcede6081ca46b3d6e55baa2f112b6fe215bcce63dc3f7e6516ee5d86b5aee5f07ab9906b13795fa89c2d2e3c5981e998f47e3137cd7b22e30512d77503197c5c576e6190ee56f375cc36e2e2b92be7cc2fe6252e3ccd7c366e972c12c0a8394cc3d3fa42688fc5e6b118db1276532ddf042c59f6044db3ea59e60bc40b06f3365e2ff512c7fb862895dcb9fb86b1bf10aded9c1a655b33a9493c9f64d3fe63778d90ce304f06a64622d5a8dd7f02e50e00039c4d3e7c4db44cea5aab4d4f9d45cb7484578c7a47a483d665e1e98e7268ea037c45b40d79899e311cf1175c32dff114a78eae53efe52cad07e668115906dde4c78b8bff00899f71d7c4d751bafea066fa8bceee5d599b9e88fb6586e1beb11aa2fee38cefd458055c00ac35516dddcb29d4bff1751c987eb888bd1fdce9c7ad447e3571ff00552f5ab94edf11efc67cd41011467112fca35fb9c159eb88006b8a974637e65598e618b1a8bc1dcbd6660ae7c47431f0a11d2ea11170dc420e5364a016fe22e9841f0b99a8e06616cfa8b4143f6a609549abe673cf895ff303624def5cd5476eba839b48b85c32eb0c314cf52fa473c4b9a1f5831b45ff0088d235ff00903281a8ede31334de6e083bc136e78fcc73cc5ddd5f0172c17f9836b7a626b263cc75962dd74799dedad4edf730b4b57ee29df1dcb339a2355c65dc50739f1d4bc33f5172533214d576c4fae62075e21b8c1a7cba8d69cc5f7a9a468cb35ce6a5d8dee19635d6fcc73776b33b5a9732dda41bc6636d79d468b78895f131c8f511ad4ae663355e65be148fe588198952f33f090ecff5100acdcaf0618d8d1515e2de21d7528704a6cc0b7a1926339f60106dde4ea5f3f5e63b3c62182c732cd0dbaa8a8a8bca1c75fa99af5999319f7716ad28e622b2be03a98a26f899acc37ee1b1b72c06f08af2e48136d62a0f28208ded734c46ab1702a8ba9586b1e2257a4fdb865b4c9ee644f68d9bb487e667e3ccb7cc54f57dcc1621fb88a00c929b6b511ea71dcd38609b5d7338ceafb97ddbfe21e273840819ad9d33583f51e0b19df89a70dc5c371df1d4ab16bea5ebd7d469e0f71b462ae738d455acf316ce398d297f519a0154f046bed21f808f8752bb62f88a1532ccba1ae22169e61803b87189bee7c6773dee5d5b51dcb308ef10dccc5eb738c4fd93dc54036c201e22e39a8f0346e704c3da4226f6cd8b73fa8187ede261ab79a9bf30cdc28bcc25d36016c18007062154d71cceea6f05660364a63365c0301bf3075577e7996e5dc7c97c26e5b7c37774c37b60bddb064bbc12b8ada7d2680ac843572af25b3f88849a2f921bcddcadf937aa8b6bc44a017682519c7b9fb8e2b1772a9bfdc2979057b94979c44f32ab7d6e5535e62a0f9a98fb397d3a89759c7879838eaa5b4fee1e71f12accde798bc87dc7359d1704abd84b327ea7458935bcd7e65dbee3bcce72c716c5bd4becca2f190fc4d1f3c45a56d861ac544c7b8ea8aaf11aa8e4ebc3c45ba3dc0f35467b31214383b8de2647fd92b771e7a712f6352e8dde20629a8b9b0a08b8d5dc6f1ccbc750cb0d42ed831e61e92ee3a8e4f89b4704f1aa8ee50b5cff000e8f71065cd4bde198be63acc1f19f5a962f9e655e44bfc45ab5cb7145c27c1a628c1446c91438d44abdf599c6f33e304db8dde662734a0ddd4152b241871a658f5497f106eb85fb99aee5cc7220994be75b803af21f2404b608f871300b5644a8cd2be1203d81b06b9460ab63b96a7d8995ff00981d6e05b617e60b5b1cbbcdd7e22375d82cfb111919b88dd773286657c1a8db3cc6c0b676afb220a1bcf50df9f334379e22376e7dc0eb51799c2df31ccc78f6c74de67e33ae65fac4bbf5ee599ee5dd625d62f137ddea8352a81f88a5798e6373501b44eb995c33bf1169f0a9728d0bb7888d9d4af073166b3139fe58061f88e778c4bcd5c4fc730339cc76b97921e7e67792e56ba86aaffb96663367045b71373d9010e5828b96fc45f88b9ce3b99c1b9b9d22616ff373e7c679819a619bd2cab1baccaabaddcbbf0676523ba4e3f1ca40d14573f30ca3bf82a62cf13636e3be2501536e98d566863e1f10a4ae7b976b36df8971e12b98d4c9bfd4566a960b4d79ae61a678989657ef70f38d437f0d99bc9877f29040d58c78d419a2bd419f1cb0b1eaa0e041a64b69ec3113a514ad31a61f2d20a697aadaf994166bdcfb134106fc4479905a655c0557f3d9e21d57e619b3acc6d5df98d9cc566a3f899c633ee5b5dcbb71ea14198b89dcf6972f25545a6dc7e67b5fa8b92a58ae467c46d55598db9bbf50b0e886cf1f10548ec8e92a4b311f90a5e296a3f152f15599ac936564f716963271036d890c9637e6716fb8d81508dbf11167012c61bd511331779353ae421b3825b827f738b98a8ae321ee5cf59b9c644d0749b8e4c5b0ba1aa9e310bcf1ea6ea8712bc12f3c7f519b0c0bf042379e23af0c32dc6f006389b1752ab8cb0fc788e31858ea50c2ae2af138884392398b1560cfdd2e0f367bc4b63eae271821f68c58b7d4025685f4c69aa55639b956607e2e18ef393d471d39995d6595279ffb11582a8076e65b4a0942d7115b36105dc508bed16301c7647b03e150d606fc91f86f1781d303d56adda1f75e4b8d507bee2fcf89bfd62585bf730e0cea29c3f32adc3b6603df2ca5fcf11718bc4b3ea59eea2b5ce3c4a702d271c8b2b1e063dc61152dcc18311af898b15ff50492e8cd7b8f3ab5547699709b0b9ce7a9a30fc435cc4a4f5ccd67c731e6be6188e636eb8678710ccee2aedd4652a08d3bcce03961a0ea5655e5838331cb16bc33f51c6e64a667e4955ce826ec871bf507b7cceebea0517983d0d4cece278ea266ce36420028a47550bd46d9f9300dc3b1c9d3132d7a8ba75131c54bfca2d1d11cb87f3368cfd4e26430d38bde2569e540f711e5b363a6663fe60c2d78ccb07617de21d793921bb6b56142ecfdcaff0057f715a39d7328469cf2ccdd6611c50f886669802be21553506ffa8866f2c429cdfe63ccef3496f48be55143bbd0ea0f681e51200b796dcc7c7fe44e43312bc47ac91ce1752f39e5865e264dbcf532f345cab162e23ae2f771d32a5fd408d0b472914d32cfc40abc999547cc4807cad432d09be07a8ad9c6d5dcb4d3b1603c7dca3ff650bb8fdae3856ea5d19ccba713559b8b8cc795798547282c96665f4966a6e0e0e651d8ca1e7b61b7823aa2661bebf852e559c9987c788866d8f243cfd429d633a95b5e75296eae5e7c6a595bf33c8f98568f896f0d574c1778c3bea176967f0c90419718af8610344ac266c888e16efb862ffc4b2a52aaf10ea3be2c8f4f899e12ec6269686fd7282e45cd5b9500c33c532b3f01e49436bd61a08f2fcc37670b7ee0b83922e5d54cd9d446c067c79328a2f4447c8a9a3375d437ebea555b79ac373814f99d79899452f152a8ed880d71c42abc45c7278d40c67114c545bc86e20cd60cb30bbcc52b1362efdc5159ff00623e5ff717563ee6775d5551c62d5732adcf50b1af816cb67a768950102b886527c99ac0547c63335b312b826c3b9bdf3df330dc70eb3f8974f98c5397c4579f8861705063f509de650cefa973f4c723b22e1b7f906597fc3fe15158c92a8e0df32aaa68aee00bcd42fc5cca2f712ca78ea228f0fddcaddea3fd42efc4acff005294c8fa94b94d3c9e98729ee5707866b4f5b981c4c759a828839c5e6c7f42ac29e2f142598a8db70698a9581f0432e4a970210d02ec8e1836a9837557c46cf9b1f188d6fefcc2a7ba3a9bbed9bf32909fccfcc401148f1075096800e09f2aea267c46ab58bee6b0e237fea70970e4e2e5c7c54b1a3897debc403cc6f01f98ad678e59b4c737963a56a02ddfb6a2f7ea26eeacd44c3516b7de22d31cef732baacf70e9218e4bb20215a0bb3d4214c138622b09f301a84766f5e62104d30329c91524af0c3b23fe113a94cd578b9660ab3a71e25072c71744d64ccc3285dd6261abc7be4f316c462e3358998a5c7c4bd4fdc58b6ff0ae6ee3c13073878839dd938ab7e6358ae62862a51572f3cc51c6ea717bac53cc6eb7ee77d41eb8c41c6afb95554469c22f6c32805e171532de88038fb1635871c6e7498afcc7dea0631c66752802e025ab0e259474fe16331fe2d8bcab41475c7507c7bf38d02f5cb0d49731407881288ca6d770d86bf52ce4c92f21f7349d7138f7e65e319217bb2b58d751ae2ea2ae1f4c7454b0e6186ccfe20e20ace6a18d19d47dee50c152ad0711456b2cc8fe2551b6e2d1dfa8b85bcd4cb7759ddc0ba23b5e6a5822b0a11addabc455dc29d985e8200070964066a5a8bcc0b9acf50b03c5ca70fec31f71f27ac1b8b1f780969eca3011cffb84b473e2342b6b03f19468554cae581b9a08c578414a8ee7cc7f85c7f087cebdba80d11a0cb89d2a98959dcaac5057241a2d7305f712eeef303054c537b94e01712ccdfee0bc752f8a35d43562dc414e25567998eca95675e655b5bfea3975506ce0ea1aa6a5ee9b8f732e5019863b651783866fbafbc25572ebbc5ac578f89f9810538caca168c5f52e0634081e014051003b270ba9b56f88935e19476ff73e2bac44a0b63f5fd4e2d6fa996ef339ff001296c8142e7dc78d666df330db779f514a7898545cf98bc9f896724b987660a83e688fc54cd9b81aa3511a325a62f8f51865f52c4494f7cc10054c1ae21043751422af94228064ca1f332151ae0ff302d23a2928a83d417eb32f38af610fa63b8c018ea488c5a3692b405451a4afbee58e753062386a00856d4d03399789e62ff05f1727441a684d9bc4bc2dd90e59876fa818ab7af507133f37c42f7de1a26431f51c860c6a51bd91104a39d468b49eaa1e7d7b879b8da6330e72d44bd546b08fdb032d9f897c789c0e0a995daa397102347473993230798cd956a25b30b07db13a4aa9f11e95ee002bacd433c5a6dfe1ce7dc5a2ff0011f79e48ef0c35ebf529788a1ba87a13ccca975ea71b7c4c57f5177e258e8bd45b29f71c1cd4758c0e351f388dd67553785be21a9dbb8a8ea256a39de52296d46833f32aab3e12fa271c2b5ee223b4b562719d5454578fc4b8eed1a92940c609880881500bb315a97462f3cc52eb98b8bbb94224b6d898adaa77e083c84e27866b6af32d002d580acc1809f33cc78b44d4da37fcab61b169441d99caee76fa850a389bc7e2a362d54bc11bb0b3a8f7c912fd91c3b837513e6e632699bdff00e4ecac9173aea2378f52ab1f52f8e262cea5e2dba8e2de63436d9ea0e771314db0f1d5c2543da37cf9b0bb7a8b0080e5ae44a0f8401ee383ba84b3f80d7885d68b7ea0613535656e2ddd623956f7f11c9a8177f98550f3b8d551298aabee5daf8fe31fe25fe628dff7359bc57dcbef99e1e38e2679ccfee2e2ab11595c5ee7172a36c7f12f2d5799f39f31bdfd44379c9d4e071057bbf70f71d5ce507e661c94470aa66a08b8b73980e187fccf820e6ed6a58a9a981933e250de2a05d6386b9f10005418097b8630321ee2f065ac0eff008ffbdc65ca20e1fc5ff2b880d89a0810cd87a818c18d7a88679895e9e6534c9e63ddefccbeae7be7b89f895c773d34ca2b26fb8aa5df1cce6c731cf35358aa9a5f3dc051b60f1ccbbc1cb92745ea5fd471606e1c990f31dab553d97f30318bf53412ee37ebe63d3697fc8115e31871cd10db5c35ecdc1403411cbc6e6505704d3d4fd710c988e4cb02b372f0f12d1eee71b09aa3e4b3856a2e3e4a887b617cea56738b8ba61c6a279954d2c533355833f894207132f99c279d750ce2e5e6a895e3314a046d8dbdbd4bdfa952d605c1eda96c7bc73e6590c62afd4a02d9fe925dfc34e421b208eec3c730008b1a6a23dc24501bb8342d2bdc5a8278572eaf3b5b8d6a5655733015dcfb654d667112acce65f71ebf85a80a016ae021801b2faf10ad1a31314ce6a0aad660c1542f703acfb8e5e63956659c9ef73559cacf1ae616bfe66dfd446cccadf112afaf33a4a6bc4196e25eef1b9dae602d26fa876671833011cef506fefee607083130d689c62167a7f107cba96423721e60462a27c847e6c7c062cbee73f389b7888d3cd770eb1bbcc46abb2081af98677de228eea177bd13385e238f5f70d5e3fc44a1d6096e6051a77108de23a28bf71e6cf71ab47ccecae260faea34277a9b6eb7a978de63b8e686bfa9f14c5e99f31badb2b9b2225a62983604bd1098c923b4c938514f5dc16e02df2bb952b60f45cca9a8909ae128a9762006e7772c3f023208ba2a5dac7a30883597b8e38e25cb98b8a9962b8304ee9cff000ff3b42a95179ee1933136de2cf98e818a1598f0d557ee707285e1cc46cfa94fccb5789e1ba9ba6d5033e25e28a877cc0d39cde5878da73100ce7dceab04ba30e482d1923f5ee02960e799809737bdcaad3f52ac772b3873fa8d556d80142d149e20242796b981aca2af64382f30c2481aebb9cf1eba89b59ddfe22e2f26660fc6ee71a6b7880e34f30cef17e65f11d771e6ebccb5df3176a71c45e6bf139ab29dc68cd31b5a3f5309be2675645c0f89ad63e6588fea36556a2b7bc0f7323dcb6ef98dfcbcc5cefc4220972a1dc7e25d9752ac155ab96e22c7019a8d77656f4625617680a80474540caad90a9ece927984a54cbeb89831d44845522dea66f31402e3d08abbcceefe38fe1eee7b8ff164ccb4c63b865bdf398bd99fd41f84347f512cc659bd5d7ee1d38e4eea3c73c4c02fea2ff84e33536d6f9a8f9c704c5854bcf07cc6d71ff92f2cb2b3860e329886b86778c45bf1d62653a799557598af09c732f1c623bdc1b8e2b35ba8f98065584606aaefbbdc0282cb069956b34cd6525eccacb3fee6636e5b8e30e1866a28859b3152b3bf71eeea5c10352a995f52f63716d596b86da97c81e730c5098be2159c63352aa88d88ee3aaeb31ce6719d476188a60cd4bf7d54bac2c692969fd4d7cfdcb3e274f52cad47aefb8f63ae6a645c187b65877bb60c9a175eb3340283531c34ac3552b755ff005626c039180ad7e26062e2f8c7f165816c299e6545fe7582a45fe2a4d36aed86f77704a27e0863e332eb5a95d5e20154b641d6c389d9459c6e6f53815dc797c4ebb80537e8ea39e655627acc3b99c64f898cf1e205d71c5c3ce7a8e414cce93dcf91ccbfbdea72d95f986dc3e10bbb4975ce218f24e99f72884a9371106b9bf1608439057a9cf2cca2da9471599913cf15128b184b48b501c39fa97832f6cbddfa2e0dab965aebf31c154547771dd078b86de18edcdf73df531558a975b5b9e96e274d5c50c8d78f33bfdcb682bee5f3c476df32ece7d46f4454d5e7535a58fc45ae89667f29783ae25f7ff92f9340a9e23f9bb0bc9c33b61adb562cb5da4d7bea2f5acc35040aa0afe09e2512bf8087680116e5ff001cff001ac4566310dd8117800311c6bbea0a64017c4c78c437d30c85b31cd5d6634f35e66726b12bd54db5cccdd04caa772f9e3a63711eda81044471e12c4c506d959c4a3791f72b066247c5fccdae3d4db294bc45bf53dc26799b53e638717377cb72b2bc3dc7566e358ac412b0e9387b9ff9f02bdcb79ceaa39375ee558bd6270dc3eae6564845ab9ec3b8c0b0d2e13a8a213d9734cdc50bc17b25dece23b3e65d6bba96633cde659b06a7ce49a8c70dd04cde6a2bd666896cd190a7c4b28ea5e7b08d37c1ee2f10ac80e4cb2fe6a2e44dc77fd31deb5a8eb198bd347ee236e6e004065353366615b7d7518395d9cb2fb8b79979978fe02f53b650141184bc45fe371f117108eb12e7c5dc0a7c4a7a8046ef70316edd404c55fccd67f317cefc4ae76479f138c476c9fd4ca1079632101c47535e3c4f2c19a7c41e201802a2602a581dcff894dd3a9f3d339c4ba325c5dde6215f98b599b7344aa33788eae2f95bfa9d99fe12bc7b86af334bb804e6ac5a54f1dd0e2872402d9be89519e5ae66ded965db47752b0f209c1ea013d4447fc430174764593fec4caf0751b707e58b8e3ab825f4c705bea58f18f3160b31cfdca1eddc5c3df3106fcc6ca18bd4bc511d8a57772fcd3c5431c1bbefc443d570f168f97b8e0b3a94727999ac6cc476c78c338abc6b511173b56fcc754c367a4ccbc6a5b2cf12996bc4ccb650e206e7a977fee2f72ff967116bf823a8c52c2a300735f89a67230f2c33c28ee3a29672064873fe26635675bb8b510b5607997cf73a1101db29d182820e05436d91c8c6b754fb8155a9b511fb6a3b5850e39c4e4c5950df6d4ecbc788e3038d41c39bed15e6f138f31c0524c5d3dc712f256ae3d4d8eefd4a2b4dc4e4fdeab3a60c0bfd85dc1d3753b477df136e66466015ce7d4770640851e0cb4eb42cf67715952e87bee0e71b959b707896662af1d13298ab88d649e64daf3d4e3287c54e18cdcec62dd55660e30b7ee62c1f51c35b69cc2250ce1ea55467c4bed8b807d4b7e1ee2d287ee31126ef03fcc766991dcda5ff00b95a172136dd4e1ea2de6338a9f13f13e7119447f8e2316600c6b7a84a540db2db2816e396518a997572bbabea0a73f352bee0a46b9957677393fdccae0ea5178ba91b55190b83dc0610f49cd73c546b89fe27348b16f471dcd1e3c4e704b44a3e668c77788aea9a65e219f0c16ff52ba3c438a26f6e63b182e590e217aa985d63a9c2f7ee7877d90abaa8f495850d1a9dd0e50f0e575171fd4d688b43c132d7a839cf99d662b1e8c46f2d5f912f1db12f5050715304b9c95aee70e3899b0ff8978f078835786a2e1ae358976bdfa8f6ded985357c4133ddca59a646f6f1163b53bf2c537033d5dc68d058f88bd6a6f7dc11a76665219aace3dbe62d372ab6bfcabadcdf08479806e5def52bf8f7fc6a32e1fc3163bbae7d20b08369fa80dcc4179fdb00ba16ff0070319c66540704fb85cd0d7980ac9ea5c7fb8529e60af9e6a55a54e3c103e532b97e5345cd2c6259be48ea610f11658d26aa6dc53ec8dda65ea00199dce39cee5f9cc2ef1aaf89b6aec99ab6fa8f39f172caff003173a21b4bc73729b2eaa72733fb420bdc539a80820de1b9acb06e17d8447589a31cc1cdb4b2f798ddd05e60bd19f32f30453fc1846b6da91ecf12ca5474d6083b8d07e5ccbdf1e6f72bb2fe60ce62b58f7a962e7dcb4365c52dccc1a2be63c3ae3c47ddc1f83fdccaf5a88babbbd4c917237fe8944d0883687dfa5f93e631f6585db2ecdc5a379b90b89adc5f10e4ce1fe5e63ffcafd45fe141d0ddd11ee9963d40d6daa6c98dbdb0dbc436770378ee5177fb89462037d46bb33dcaa38f86671e201a05715051661735faccc6b9f1fc564fc130694a6719f72eb7de61c75305d4292f5c45c19fc473bc7c435ac4ae3866a3d579a8e169cf5d4dd35cc358bc4b35cbdc6ec68b8b47881dfc47c73f89558095587f3167ccbac12adce3fb8120a37e660e866ef8d95db5cb8880e0f31466caad77172f3ee02b27a8b8ec3c3a2072470f8572316c29a8b42c134d7dcbcb5f31ddde1e48b77baeae6ece7cc69c9adcbde71ff6e2bbcdcd8fef889e1f9b8a26c23e259c8fee194782cb47ea10406adaf620a05addd3bf72e326d36cb5c6599a2b1047089c464160512e741389ea5cbfe2f5399c45fe2952eef2f11c3bca7510055c012f87fafc4a5533f2f1296da4c6aea25337e20e565db8e655e7ea1a3888963f70ac737dc291bc78978d9ee2bc538958ce08eaf1fa8d8ef11bcdef596734bf337ee3aec9ebc6e5e5dcac99c750d8e92345a6562f6f98be825efbe6e3ceb33ce2bcc3195e25d9c7f883d6e16d324c7d455ad42abf12deae68afd4e6aae5c80b78f988cd80e7ca9446a5d8637c4c41c4b0c2aef98eef9bbc3065751dde1e24efdca53db2a06fcce32f98eb5318fdc30b8b6eb1515d7fc41e108b420c71e062f2dcb6fad1f52f7acc5557285e1a82585c94c481b3672c5d8b7e65f0afe438128dee1e273fc337fc3fc7a8cb97fc125694136296cbe589e14b4d10cb0ef13018a83cd9e25abf72d52b66616c5df75fb8594a557e63758a0d47081d4bb76e25f4eb3315aff33435fa89f5d4c6730571317f1a85fa6b73382512eb1f0c1cea8ea37695cde265b563effdc18f0c4b13e713382a5e2dc5ee73f3c4daefc317159c1bf30d55fa88187f136d99fea0d97f89d5b3d6a5b566217bba9fd315f8e731078be08d564c38a7552c404b0bcbb1861eba700fa605777da269e7f32f35f507aacf3d46d3a84c8a295a82c8a5837e7e25815c1110f716bf6c6e8d545cf9f704ace398f07de62961cf98ace6fa2685698ec23b2b0631f88bc7fb9d311c2f32dffd8aec27b61d372868960e629738d7f0ce2a5ce25cb2a5c6dfe1fe38d9615912c04696c10b00700c44de3cca3676cd6f6c2e3afa966f5a853370e0aa3b9479bae6363bb3a9c66ea014d14ea536559c5b10db3c4e0d5be26534d4cb9628e25b5997a2eee72dee6d34f70d806b988561352aa9aff7117c08eb39b8a3e476cd9da6ea365ef3dc1c80f116aaa183881baaaf3045a34473c988fb838d9337e372dad11e9982b425d906f8a3b87ea21588e5cecdc190b16ba600f5e8e39222365e6c7b81a9f78cf865592691805114f12d737320cd0e617786b11c3588b34fd469f12c15a5d9b2252755986d6f3ea2d63b963717b23fd5372bc8c9672f384995de7134cea61bf119f141075fc5c549c266056dfe1fe104f496ff00e80015e88b50c193fce6307139d254e690b3a9ae2ba9d9ff003387fcc0c99f5e66105c5f31cae2dee57635e60eb0b0e03e6263355bf5365deb30cf3e634f86ea6c63c4758dcc8d5d3e2396f8d1358a9b17514ce3e7b86478b8e7e6015825de33f7b8fd32ecb2eb72b9fdcd623799c71a8b7b311cf3337be3ea5da673179851540d457788d262c63b7197ee3acee2e3ceb71c9eb8869e2e67abbf53081cb553f3142d462e05ae1c9645a1fddfd4ab323d6a7335c842d6bc773365cf110a30657728777ee52ae3b3061fdc4ec73e26830be66408799585bcecb194e41cfb33c0e8851a7d92ebf51731dcc794fe17e25f8350db9d4712fcce896bbffe798857a0256616ed9907975095d2f6ee147fd98e51f896da671ba837a6fccbf93b9ce483cc386605df53022176335cab9c4e4c6655b8d54a597fa801bfa4bb73ce225157fdc2a668a399eaf733e25d9e235b3ea3ff007985e57fc42d7b21ff0009cf96566f71ce0d7b9c67f1157ff255575c5e622f316b8fea669a990c39a96ec7cc3a7e615658c1ae74cd8ae7cc7196f3b8fcbc4d16a32ecb72d660e1e23ad7ab81a0b8460c6e1b5d93097fc0a6986d5c7b3fe1a98c6870ae1d9e2e49c45f5241e61b8b80aef2805d5c82ad8f8811b57db2f0c79db2df25c5d1f51b82de4e661a4b2648e7885357057170bab8798b945fe02822d46debff0085abd4111c0f15b653587442ec41cb985e20e2b1294aea2599a42616dfc44cd90a35a8156ae601fe9012dee19d38788e4d18f881c580cba38a955abf10b2ee8a9975730c6ecef70578b86faf303343e2776ef3387c31d56a737798a38227136c5dc388e30db3cf5b8b55e22ebf10d8dcd6f52fc95b9d4d66e89830fb9e6b3d4dbbf1326ba851abc752ccb2d532cb3c7a3987bf2e25d075751cbaa75986159dd428e752ee8e65da6f9bc41e6dd45b31982a1c9054d4e7f81a825172971063cca02a9019cd4b760ea18ed349595bd9d4c85198268a1351ca9a7b8371b2de7a979c316ea62d2be25d6e6ee2a2e2aa22a77344bea3bc1fca767caed85da8f9d20b40a3a2028ab311ff00d4d643e67dfc4b0b8e8f12f2efbb61f344d371c2accc09a7373bc73a818a5605351b0314bc10bb0cd13031b5e62f3175b75132f1011c6e536de1e626f015c4bc9b0f2472752ef3b2617c84d15ccc1eb998c7e628b9d91eb08e22d86c4f9d41eea2e6b12f37fdca03af98bcb9f32e8d93562fc45f79fd4bc144aa5e9ee5e81bf11ce95a97ba96b0e3f12d29a9605551a94ed1e1d78966af3333dee2e33aea2f8cbd4b6bdfcc4202386cdc4aba6b7c45667f82799b83159f1344574ebccb0f530b8604d3ccbce48377b8264f5515fe8480999cbf8bdc77b9422b635d1ad1dc0d3b1368b1fc09155a0861e9b8202b78f10c0bf139ac4bf2f996db0b4cddcaa6b27ee21c6bdc1a251aaf10c39bde279d4297356772f2b52ab18f70c6ebea5d0eeb5894f788d3a712f77889415a965171fd410a0fe6683c42c7ee03f72e9bc4db9f106aaaa6039f5397750bf3ee186c4dbaf86745cce552edb65958dc5ca7c4bc6f1dc1e5df98a1ce651be6b8983e5993786598f3c4abc964c262aff52f262597eb88279cc4de757168eb7179b0cea3ac3ee88d9ae08f38f52f056e2306f53626cb21105e4d71d41a6579c43ee730c467058556554c9a2bb98dc909fb312d94bb81b155882597e553762f84cd152bb6fc4355c1f113694ee63c46f150c500da4b4657a9e6670d93d45bfe0fd66f1028e65e2e55d59899ce6f1dca7dbc665f05e60b743f11c0deff0070ae2174721033e09a1185ae1c4013a88e7afd46cd9c433b60d0ff00d889d8719ccb75cf9996af7033bccc9cefc428fe67b3d4d2ac5cac4b386b3ab8be62b5af9995e261763ac4a4a4f96c97c356f336a2b7b4590788728fd51507d039504de7f36cb6ab7c6625f5847b93e08b6c5e897e7d8a8ae124c311d2dc45bcbe48f9caea50889bcc50dafdc26a25e21362cea13647dae29b7f045d1dbe0992baf0b285a13c6635f1dcdf88bc73342a554f10a806ca48a59fa58b861318dc3c2cb80000a816de75713ee18144aa70d40c79b963877fb88cc835965c5297980ea8731b37f882148a8bdac764e42fe656a2fbcc5a50a8ac651d314ac44a04f735acb5fc924d5353397894fb712eaf0bea790a4d4ac975033dba860c4010fec9586f89801f32ab1f5e25037f5031f30c3299f7888b4d1d75285bc540a6b10e3c3f8819b9c6b35c6253a087bf12f60ee55b7ea36af5f500ff00ac4badbf2858c93cc0a667a4a3817c1394fba99bb8d604240bbb6db944667209a63f8203200f50d346ff00104c38aea295fee64a39ec9ccbb3cfa9b0ad7b8ad5e88f54554e68fdc025d6d96696d8d623e6ea5fd73709952f1dc5d81f10c53c875079fd9ee282355f28145838a6e2f783bee71af882831e66058dcc5f7931c9cc30c1226c60a57cd732abc7150e215a6e57a4e3c9a20a4ba065287d62382060ae7989a1e7a80d752b97b9ea06c3b878c3ee1bc6086b583a981feae200fae2521b1dc0bf2c2a00c61d8fe09094df4788069c7ee2bf3e3700bc6422cb7442acc67b8635ee19c8b9f11106ab63117511a0c9e60660abf553ace2e51a8678a62c0f8959f7cc01d9131b9858796c3501a8958353589594a591bad5c417a2573c7994167246fc1e2e380e7304b0ff009863031eb8adcbea1af32eb26573ee64e7896d772f91e61c2d3205234ddfea5bcf11099d6e706baea28aaaa8e5f134cfc4ff00845a7c4a5060c45b106742e7cc45b334e6b518a16b1a9cb0056cf50ffbc3b196d57ab96f98558ddc042d162351ed7e932db8d4e7cc3c608b5a73b8520de580738ad5c0cbfccdb05cc257e605da43e6564c0d6ee55506c897adc0dff737ef70c3fe22e7fb8613105e1cf50c99d6a6584b1e2297f2a8a390b873acf89cbd758dc55c1cfb8f95562f881742fc935e7c4aa4bfa8d8a9f50d1e1aee7773dc37e2b33c6bdc37dc0b2eefd912dc8240e97731470ca2eb8e223cdc0c59a9544de6bf304b31ee52d57e49555fd478db2d79dc02ec7e2ae16bab8067ddfb8b6946e2a0a3378978e1e3d45e267552d357f5169deaa2fe65b988ac3c7336bae268cc5d5b8dea6cf32ca5e36f98adb982e4bb8beb52ed465f7bf315306f5172d1ff0091d96916abf32e8c771510d5c05d7505f4b17297ee0d5a045e5fb8eb15757102d1946bc61896b7ed105d0d3c4bcd892ac7994077f8b88e270dc231a7370cb46c2b70c16e3cdc052fe20784ab0abceae007051e676ca57b82bd7b84ff00d95555f05cae1b2a53d893035866743e218aedea5aa8fa859cea278896f8815ede202b5f8864133f110e199a7c7106655ae3c44e44a99a2bb8193fcc4b2b5cd41cf2434f822f30edb861738b9568dc00639c43e21a7f5285bff8943a823835d41580b2075f50555d3121d71999adefb9581afc40e1acc49c3397be2515997ddf896de3e2597d788a7847897612f39e65d6599864ad6ea0d39352efe0d4b69db70459ce6a0dff00e47c3fea3825d5adcbe71171c0bc4bc9a8b6e263b8f4c78851d65d0cbbd6bc4be352eef516cdf88ad7b8f8c67ee74ff996095f515457330ee68f865e0734fd88380cdf10c39b80d6707866f08a60398d82a1779af4c356d30bbcce375ee7bad6e261355cc73b6da94b3c6a0571b540b31f32b5a20cf44dd75035a66169ee6d318980f47336567e6190a1ea1a69c40c94bae595d199478f98945b59fcca787c666913f52eb1a3a895907ee067c3327b88e466a570d9701337558815bb2fee658e350fd730ab438961977356977dc2c3357d4ade77a2a52e9959f3d12d5af82246dc9e388397cea5e2abe094750de739ccbc60b96e6f1f33be0af997eebccb737a8f6b4f98b4ade62b583c416a1a725317ad47c3c6065b7b977bf72f257ee0d3bccbb3c789743ba8adb5ccbcf20f88bf889e8f241c3c451c57a85df9a9aabaee34e462e6e59acd916ab9f33030d12f9725ee5abcbb97f52f0fd4be3a9c3e78ee53bee87ea5996934104a42ff00315651994628e9ef98fc55e60c6bfd431b164d89565d7a8192b4e4813758ccc55999cb177ba96c0e6051dd66e7dd434ea201594f7004f8b7a978e6e55db4fdc6eeb350783029c9c419bc330a25598fc30d853775328b295ae65758f5134ac1e6009799ae603a2251c56bdc068c7c4119bf899fed8150cd71d32baf73387641ab0d1dc4da8c6a6b9ff53ce618c357ea1a175ee163fd40d9881ddb2adf72b78cf981c9980d27e66438ada154a295d4b755e7307356fc731e189c9d4c8f3fdcc1ae71997578bf9b8edfdc1c7f98aebae63c5d7a8f0c7a63e65f9e3a8b663f3a8b94b63c30c28b1599656b98a5d431b5a9e184ee3bb21c9dcbd5b1776f32f1579ea7fd88afda387fec45de63addd798b80b2b8239d352c7bec8ee2116163074b6a20595e7d3fc5a9d629af7983ff006193757cc3efe20d4193199bf2c4ab9a78f88980fcc043ac44c507f70d62f752acc189436bc4cbc1e211c96d4eea0225e099710a46acb819a69a80e07dca6714244a7550305bf5732bcb502f6e256ef179c40535839940e7983aaabeb986175f1139af772b78883b1b20575a962a8bbfa945d40eae09c5f103baaea26735e21ad25539a2515ff62554bdef102a9a96a56a7ac97dce59f131d6372f7787b8bbe1fdcb6f3f7153734788b6d688aac4b17a95a8214ec965197bccf2fc4d98afdf72cc70438b4fb8b49e23ef31719cff00536c5c6ff304e6d26dcd7137cb57151b47fc470fb8bd5e752c3044a8c555a39af31cb9c45b33b8021b03329adc79218d5d752d0ca81702ab634ca15a17f240af9dca578ee052f683756e6037d9553a85dfadca40c0b0bcc30ff981ae59550db97388966bf12adfc40d342b11c7100c14dcaaf9e0815f94f24617b799412f2c2ca57f994ea51aff0099caee6f432b203515c189b33bc4d773e487b7a9557829cdcd995d3c4a7bcbfa991ccb595b85e2a025e5aea01582b11abee6ddf101ee5b1640aea05255c45932b0c3df116834d75cc1aaee2adfdc1a4c67a96de28bee6b1dcb42be204be797926e2bad4b3fee652f3b96de465b5e259787e65e1c43cbcd13ac6634cc1fdcbfa7a8a737363788347213cfcb2f654bcd65425e307fb980b9462b198e9ff9717dcd196f88a35aa8e2d64d2a0750ba19df338cb994614647cccd35423bd3885fd54039080e707b81f305a567df1303c7702f17b94b40cac56204562ba9465ff11b2ee219dee06e8dea64869d63640de2e56730112b73c1a2a5f4c74f528e2e02ae89ae3ee18345f9fe16b93246cdbaea37c551c93300b9b62a08ad5caf5a6523981a62164bff00c94b1c7a955bd3c4165b8f8816536f8808a77a20613004b0afd44b36fbe60eaa59349ee20f7e181a0981e65afa98bbbf04b6b939cc53857335970c13ceb898c5f72f0b6662e7fdcb37654e0c674c129c9f51aabf339bcf71ab13d4c5e4db3ef1e60d37b1e22e0ccbc3a8bde0d62396eb172c3e23ba71cee69f10c87d307388a5de9e62d54f2f5a9797b8a8d6b98d9acd4c941c11b339c3f71f2620b473f32cb67d4f9a2f67f0941791980986503c5d6e062aa889acb8899ac51961807138c7d43422c072b7ea63d9f334f33854ab197c44c51b7988b937e264df572f8bb6142b9f1059c5eb73181cf10c7187b87557e59611bcc0ef59e6155e6a006d2fc42aa8cc2b58946ff0445e5cc3839e60537b955dd4aef7c4a322510d3b818a6509cd5c2d6b38d43e710de60958227aa605f46751f98282a00559f98d6d678f730e423903a8b9de3ea2b1d53d413c25170e7c429e26495156af52cac6aa5f5d4bec35cc2d2daad253bff12863897ae08a72ff00b885f6ef72cc7ca2b34788658bcc5478ae182b987cfa827fb6297edc45afbe62d57115e2e347c22bdc5bd5f9a8a55f042ab258c57278d473c66a5b455e3ea0fbcc2f83f11ae3c8fe1da0dc17588145540ac6e6ecf12b7ac4ae8e2253b32e912a6be253b0fa870eed97853737c53fb9ac2d7c434c0a1a4a0818c44f18d4010c90ac7ea6937fe2192cb2b7733a12faf1186b7e3b9975981660ab85817ea555fd40ce65611aafdcdd62b8f7392881e4a73894b6bf52de6f5512b0358898c87d4c5ca64350d3f9cf51b518472bb6aa985b21ee0aa44c3b82b55f896a7e22d15bbe625a5c5a2d9fffd9, 0, '2023-01-20');
INSERT INTO `B_JOUEUR` (`id_joueur`, `pseudo`, `mail`, `mdp`, `xp_actuel`, `photo_de_profil`, `compte_prive`, `date_creation`) VALUES
(17, 'kypo', 'kypoTV@gmail.com', '12b03226a6d8be9c6e8cd5e55dc6c7920caaa39df14aab92d5e3ea9340d1c8a4d3d0b8e4314f1f6ef131ba4bf1ceb9186ab87c801af0d5c95b1befb8cedae2b9', 1, NULL, 1, '2023-01-20'),
(29, 'Caraidas', 'paul_stephane_lucas@yahoo.fr', '0da19d9f5cd8ebc36d09f5f3dff88ca81cd104c231b3fb0ba78d38457ea054f4006c071167ebafc1838772ffd70e9bb2caba868c36d4f971c70050a9ac3da98e', 10, NULL, 0, '2023-01-20'),
(30, 'Haru', 'laura.leroychhon@gmail.com', 'cf1b67402d648f51ef6ff8805736d588ca07cbf018a5fba404d28532d839a1c046bfcd31558dff658678b3112502f4da9494f7a655c3bdc0e4b0db3a5577b298', 234, NULL, 0, '2023-01-20'),
(33, 'MeleSmurf', 'nidalsmurf@gmail.com', '016629998e0f9695eb4fd06826d71fa70aac2c903301202fe8d031925601d68bf610475a74e57c0df071130aacb9fc376ef9c3f258849c561c04567a267cfe5b', 0, NULL, 0, '2023-01-25');

-- --------------------------------------------------------

--
-- Structure de la table `B_LISTE`
--

CREATE TABLE `B_LISTE` (
  `id_liste` int(11) NOT NULL,
  `id_joueur` int(11) NOT NULL
) ENGINE=InnoDB DEFAULT CHARSET=utf8;

--
-- Contenu de la table `B_LISTE`
--

INSERT INTO `B_LISTE` (`id_liste`, `id_joueur`) VALUES
(1, 14),
(2, 17),
(3, 29),
(4, 30);

-- --------------------------------------------------------

--
-- Structure de la table `B_MOTS`
--

CREATE TABLE `B_MOTS` (
  `mot` varchar(255) NOT NULL
) ENGINE=InnoDB DEFAULT CHARSET=utf8;

--
-- Contenu de la table `B_MOTS`
--

INSERT INTO `B_MOTS` (`mot`) VALUES
('AVOIR'),
('BAL'),
('BALLE'),
('CASQUE'),
('DATE'),
('ELEPHANT'),
('ENCYCLOPEDIE'),
('ETRE'),
('FAUVE'),
('FER'),
('FICHIER'),
('FRERE'),
('GLOBE'),
('HOPITAL'),
('MAISON'),
('MOTS'),
('NULLES'),
('ORDINATEUR'),
('POUR'),
('SALUT');

-- --------------------------------------------------------

--
-- Structure de la table `B_participe`
--

CREATE TABLE `B_participe` (
  `id_partie` int(11) NOT NULL,
  `id_joueur` int(11) NOT NULL,
  `score` int(11) DEFAULT NULL,
  `a_gagne` tinyint(11) DEFAULT NULL
) ENGINE=InnoDB DEFAULT CHARSET=utf8;

--
-- Contenu de la table `B_participe`
--

INSERT INTO `B_participe` (`id_partie`, `id_joueur`, `score`, `a_gagne`) VALUES
(1, 14, 560, 1),
(1, 17, 300, 0),
(1, 29, 100, 0),
(1, 30, 250, 0),
(3, 14, 500, 1),
(4, 17, 40, 1),
(4, 30, 39, 0),
(5, 14, 378, 0),
(5, 17, 40, 0),
(5, 30, 398, 1),
(6, 14, 856, 1),
(6, 30, 734, 0);

-- --------------------------------------------------------

--
-- Structure de la table `B_PARTIE`
--

CREATE TABLE `B_PARTIE` (
  `id_partie` int(11) NOT NULL,
  `grille` varchar(255) DEFAULT NULL,
  `nb_joueur` int(11) DEFAULT NULL
) ENGINE=InnoDB DEFAULT CHARSET=utf8;

--
-- Contenu de la table `B_PARTIE`
--

INSERT INTO `B_PARTIE` (`id_partie`, `grille`, `nb_joueur`) VALUES
(1, 'E N L T S S I S A E N D S Q Q R', 4),
(3, 'Q A S R T R L E S E L C I A D L', 1),
(4, 'L T E D Y T S A E B S S S E S C', 2),
(5, 'I D Q F N I B S F E A S N E B O', 3),
(6, 'R O A A D Q O Q E A D S T G D E', 2);

-- --------------------------------------------------------

--
-- Structure de la table `B_trouve`
--

CREATE TABLE `B_trouve` (
  `id_partie` int(11) NOT NULL,
  `id_joueur` int(11) NOT NULL,
  `mot` varchar(255) NOT NULL
) ENGINE=InnoDB DEFAULT CHARSET=utf8;

--
-- Contenu de la table `B_trouve`
--

INSERT INTO `B_trouve` (`id_partie`, `id_joueur`, `mot`) VALUES
(1, 14, 'AVOIR'),
(1, 14, 'GLOBE'),
(1, 14, 'MAISON'),
(1, 14, 'POUR'),
(3, 14, 'FRERE'),
(1, 17, 'ENCYCLOPEDIE'),
(1, 17, 'MOTS'),
(4, 17, 'NULLES'),
(5, 17, 'BALLE'),
(1, 29, 'FER'),
(1, 30, 'BAL'),
(1, 30, 'CASQUE'),
(1, 30, 'FAUVE'),
(4, 30, 'ELEPHANT');

--
-- Index pour les tables exportées
--

--
-- Index pour la table `B_appartient`
--
ALTER TABLE `B_appartient`
  ADD PRIMARY KEY (`id_joueur`,`id_liste`),
  ADD KEY `id_liste` (`id_liste`);

--
-- Index pour la table `B_CHAT`
--
ALTER TABLE `B_CHAT`
  ADD PRIMARY KEY (`chat_id`);

--
-- Index pour la table `B_CHAT_LIGNE`
--
ALTER TABLE `B_CHAT_LIGNE`
  ADD PRIMARY KEY (`chat_ligne_id`),
  ADD KEY `id_joueur` (`id_joueur`),
  ADD KEY `chat_id` (`chat_id`);

--
-- Index pour la table `B_discute`
--
ALTER TABLE `B_discute`
  ADD PRIMARY KEY (`id_joueur`,`chat_id`),
  ADD KEY `chat_id` (`chat_id`);

--
-- Index pour la table `B_JOUEUR`
--
ALTER TABLE `B_JOUEUR`
  ADD PRIMARY KEY (`id_joueur`),
  ADD UNIQUE KEY `mail` (`mail`);

--
-- Index pour la table `B_LISTE`
--
ALTER TABLE `B_LISTE`
  ADD PRIMARY KEY (`id_liste`),
  ADD UNIQUE KEY `id_joueur` (`id_joueur`);

--
-- Index pour la table `B_MOTS`
--
ALTER TABLE `B_MOTS`
  ADD PRIMARY KEY (`mot`);

--
-- Index pour la table `B_participe`
--
ALTER TABLE `B_participe`
  ADD PRIMARY KEY (`id_partie`,`id_joueur`),
  ADD KEY `id_joueur` (`id_joueur`);

--
-- Index pour la table `B_PARTIE`
--
ALTER TABLE `B_PARTIE`
  ADD PRIMARY KEY (`id_partie`);

--
-- Index pour la table `B_trouve`
--
ALTER TABLE `B_trouve`
  ADD PRIMARY KEY (`id_partie`,`id_joueur`,`mot`),
  ADD KEY `id_joueur` (`id_joueur`),
  ADD KEY `mot` (`mot`);

--
-- AUTO_INCREMENT pour les tables exportées
--

--
-- AUTO_INCREMENT pour la table `B_appartient`
--
ALTER TABLE `B_appartient`
  MODIFY `id_joueur` int(11) NOT NULL AUTO_INCREMENT, AUTO_INCREMENT=31;
--
-- AUTO_INCREMENT pour la table `B_CHAT`
--
ALTER TABLE `B_CHAT`
  MODIFY `chat_id` int(11) NOT NULL AUTO_INCREMENT;
--
-- AUTO_INCREMENT pour la table `B_CHAT_LIGNE`
--
ALTER TABLE `B_CHAT_LIGNE`
  MODIFY `chat_ligne_id` bigint(20) NOT NULL AUTO_INCREMENT;
--
-- AUTO_INCREMENT pour la table `B_discute`
--
ALTER TABLE `B_discute`
  MODIFY `id_joueur` int(11) NOT NULL AUTO_INCREMENT;
--
-- AUTO_INCREMENT pour la table `B_JOUEUR`
--
ALTER TABLE `B_JOUEUR`
  MODIFY `id_joueur` int(11) NOT NULL AUTO_INCREMENT, AUTO_INCREMENT=37;
--
-- AUTO_INCREMENT pour la table `B_LISTE`
--
ALTER TABLE `B_LISTE`
  MODIFY `id_liste` int(11) NOT NULL AUTO_INCREMENT, AUTO_INCREMENT=5;
--
-- AUTO_INCREMENT pour la table `B_participe`
--
ALTER TABLE `B_participe`
  MODIFY `id_partie` int(11) NOT NULL AUTO_INCREMENT, AUTO_INCREMENT=7;
--
-- AUTO_INCREMENT pour la table `B_PARTIE`
--
ALTER TABLE `B_PARTIE`
  MODIFY `id_partie` int(11) NOT NULL AUTO_INCREMENT, AUTO_INCREMENT=7;
--
-- AUTO_INCREMENT pour la table `B_trouve`
--
ALTER TABLE `B_trouve`
  MODIFY `id_partie` int(11) NOT NULL AUTO_INCREMENT, AUTO_INCREMENT=6;
--
-- Contraintes pour les tables exportées
--

--
-- Contraintes pour la table `B_appartient`
--
ALTER TABLE `B_appartient`
  ADD CONSTRAINT `B_appartient_ibfk_1` FOREIGN KEY (`id_joueur`) REFERENCES `B_JOUEUR` (`id_joueur`),
  ADD CONSTRAINT `B_appartient_ibfk_2` FOREIGN KEY (`id_liste`) REFERENCES `B_LISTE` (`id_liste`);

--
-- Contraintes pour la table `B_CHAT_LIGNE`
--
ALTER TABLE `B_CHAT_LIGNE`
  ADD CONSTRAINT `B_CHAT_LIGNE_ibfk_1` FOREIGN KEY (`id_joueur`) REFERENCES `B_JOUEUR` (`id_joueur`),
  ADD CONSTRAINT `B_CHAT_LIGNE_ibfk_2` FOREIGN KEY (`chat_id`) REFERENCES `B_CHAT` (`chat_id`);

--
-- Contraintes pour la table `B_discute`
--
ALTER TABLE `B_discute`
  ADD CONSTRAINT `B_discute_ibfk_1` FOREIGN KEY (`id_joueur`) REFERENCES `B_JOUEUR` (`id_joueur`),
  ADD CONSTRAINT `B_discute_ibfk_2` FOREIGN KEY (`chat_id`) REFERENCES `B_CHAT` (`chat_id`);

--
-- Contraintes pour la table `B_LISTE`
--
ALTER TABLE `B_LISTE`
  ADD CONSTRAINT `B_LISTE_ibfk_1` FOREIGN KEY (`id_joueur`) REFERENCES `B_JOUEUR` (`id_joueur`);

--
-- Contraintes pour la table `B_participe`
--
ALTER TABLE `B_participe`
  ADD CONSTRAINT `B_participe_ibfk_1` FOREIGN KEY (`id_partie`) REFERENCES `B_PARTIE` (`id_partie`),
  ADD CONSTRAINT `B_participe_ibfk_2` FOREIGN KEY (`id_joueur`) REFERENCES `B_JOUEUR` (`id_joueur`);

--
-- Contraintes pour la table `B_trouve`
--
ALTER TABLE `B_trouve`
  ADD CONSTRAINT `B_trouve_ibfk_1` FOREIGN KEY (`id_partie`) REFERENCES `B_PARTIE` (`id_partie`),
  ADD CONSTRAINT `B_trouve_ibfk_2` FOREIGN KEY (`id_joueur`) REFERENCES `B_JOUEUR` (`id_joueur`),
  ADD CONSTRAINT `B_trouve_ibfk_3` FOREIGN KEY (`mot`) REFERENCES `B_MOTS` (`mot`);

/*!40101 SET CHARACTER_SET_CLIENT=@OLD_CHARACTER_SET_CLIENT */;
/*!40101 SET CHARACTER_SET_RESULTS=@OLD_CHARACTER_SET_RESULTS */;
/*!40101 SET COLLATION_CONNECTION=@OLD_COLLATION_CONNECTION */;
